# dino pretrain on Monash  GPU=0  started 2026-03-30 09:54:06.903534


============================================================
  MODEL: DINO  (TSDiNO)
  pretrain: Monash (/home/shared/datasets/Monash)  [pretrain only]
============================================================

[DINO] Starting pretraining …
Will run the code on one GPU.
| distributed init (rank 0): env://
/home/eng/majorno/Models/env/lib64/python3.9/site-packages/torch/distributed/distributed_c10d.py:4807: UserWarning: No device id is provided via `init_process_group` or `barrier `. Using the current device set by the user. 
  warnings.warn(  # warn only once
[rank0]:[W330 09:54:11.124258138 ProcessGroupNCCL.cpp:5023] [PG ID 0 PG GUID 0 Rank 0]  using GPU 0 as device used by this process is currently unknown. This can potentially cause a hang if this rank to GPU mapping is incorrect. You can specify device_id in init_process_group() to force use of a particular device.
/home/eng/majorno/Models/env/lib64/python3.9/site-packages/torch/nn/utils/weight_norm.py:144: FutureWarning: `torch.nn.utils.weight_norm` is deprecated in favor of `torch.nn.utils.parametrizations.weight_norm`.
  WeightNorm.apply(module, name, dim)
/home/eng/majorno/Models/Models/TSDiNO/main.py:321: FutureWarning: `torch.cuda.amp.GradScaler(args...)` is deprecated. Please use `torch.amp.GradScaler('cuda', args...)` instead.
  fp16_scaler = torch.cuda.amp.GradScaler()
/home/eng/majorno/Models/Models/TSDiNO/main.py:416: FutureWarning: `torch.cuda.amp.autocast(args...)` is deprecated. Please use `torch.amp.autocast('cuda', args...)` instead.
  with torch.cuda.amp.autocast(fp16_scaler is not None):
Using Monash dataset for DINO pretraining
  australian_electricity_demand_dataset.tsf: 5 series
  bitcoin_dataset_without_missing_values.tsf: 18 series
  electricity_hourly_dataset.tsf: 321 series
  fred_md_dataset.tsf: 107 series
  kdd_cup_2018_dataset_without_missing_values.tsf: 270 series
  london_smart_meters_dataset_without_missing_values.tsf: 5556 series
  m4_hourly_dataset.tsf: 414 series
  m4_quarterly_dataset.tsf: 43 series
  m4_weekly_dataset.tsf: 252 series
  m4_yearly_dataset.tsf: 12 series
  nn5_daily_dataset_without_missing_values.tsf: 111 series
  pedestrian_counts_dataset.tsf: 66 series
  rideshare_dataset_without_missing_values.tsf: 2304 series
  saugeenday_dataset.tsf: 1 series
  solar_10_minutes_dataset.tsf: 137 series
  solar_4_seconds_dataset.tsf: 1 series
  sunspot_dataset_without_missing_values.tsf: 1 series
  temperature_rain_dataset_without_missing_values.tsf: 32072 series
  us_births_dataset.tsf: 1 series
  weather_dataset.tsf: 3010 series
  wind_4_seconds_dataset.tsf: 1 series
  wind_farms_minutely_dataset_without_missing_values.tsf: 339 series
MonashDataPuller: 20851577 train  | 2320365 val  | 2320365 test  windows  (window=512, step=16)
Monash dataset: 20851577 windows
Student and Teacher are built: they are both TS networks.
Starting TS - DINO training !
Starting epoch 0/50
DINO loss: 6.396699905395508
Epoch: [0]  [      0/1303223]  eta: 28 days, 20:50:31  lr: 0.000000  weight_decay: 0.040000  loss: 6.396700 (6.396700)  wd: 0.040000 (0.040000)  time: 1.913895  data: 1.336806  max mem: 205
DINO loss: 6.470480918884277
DINO loss: 6.487421035766602
DINO loss: 6.449179649353027
DINO loss: 6.467994689941406
DINO loss: 6.563760757446289
DINO loss: 6.552242279052734
DINO loss: 6.535031318664551
DINO loss: 6.600356578826904
DINO loss: 6.644820213317871
DINO loss: 6.677412986755371
Epoch: [0]  [     10/1303223]  eta: 3 days, 9:20:57  lr: 0.000000  weight_decay: 0.040000  loss: 6.535031 (6.531400)  wd: 0.040000 (0.040000)  time: 0.224720  data: 0.125631  max mem: 245
DINO loss: 6.653204441070557
DINO loss: 6.692873954772949
DINO loss: 6.710625171661377
DINO loss: 6.7122602462768555
DINO loss: 6.689968109130859
DINO loss: 6.725221633911133
DINO loss: 6.677949905395508
DINO loss: 6.693121433258057
DINO loss: 6.739964008331299
DINO loss: 6.730011940002441
Epoch: [0]  [     20/1303223]  eta: 2 days, 4:03:58  lr: 0.000000  weight_decay: 0.040000  loss: 6.653204 (6.612886)  wd: 0.040000 (0.040000)  time: 0.055326  data: 0.004463  max mem: 245
DINO loss: 6.791993141174316
DINO loss: 6.788187503814697
DINO loss: 6.779036045074463
DINO loss: 6.800106048583984
DINO loss: 6.752202033996582
DINO loss: 6.7799201011657715
DINO loss: 6.785390853881836
DINO loss: 6.802666664123535
DINO loss: 6.758211135864258
DINO loss: 6.807007312774658
Epoch: [0]  [     30/1303223]  eta: 1 day, 17:39:47  lr: 0.000000  weight_decay: 0.040000  loss: 6.739964 (6.668236)  wd: 0.040000 (0.040000)  time: 0.054797  data: 0.004409  max mem: 245
DINO loss: 6.776593208312988
DINO loss: 6.7862749099731445
DINO loss: 6.764732360839844
DINO loss: 6.782406806945801
DINO loss: 6.762986183166504
DINO loss: 6.771479606628418
DINO loss: 6.787345886230469
DINO loss: 6.717599868774414
DINO loss: 6.771001815795898
DINO loss: 6.7521867752075195
Epoch: [0]  [     40/1303223]  eta: 1 day, 12:19:52  lr: 0.000000  weight_decay: 0.040000  loss: 6.779036 (6.692389)  wd: 0.040000 (0.040000)  time: 0.054726  data: 0.004400  max mem: 245
DINO loss: 6.784820079803467
DINO loss: 6.80431604385376
DINO loss: 6.795358657836914
DINO loss: 6.774572849273682
DINO loss: 6.833993911743164
DINO loss: 6.844653606414795
DINO loss: 6.728936195373535
DINO loss: 6.827343940734863
DINO loss: 6.819257736206055
DINO loss: 6.840705871582031
Epoch: [0]  [     50/1303223]  eta: 1 day, 9:05:20  lr: 0.000000  weight_decay: 0.040000  loss: 6.782407 (6.714547)  wd: 0.040000 (0.040000)  time: 0.054698  data: 0.004376  max mem: 245
DINO loss: 6.810620307922363
DINO loss: 6.827227592468262
DINO loss: 6.810967445373535
DINO loss: 6.834517955780029
DINO loss: 6.8094892501831055
DINO loss: 6.77392578125
DINO loss: 6.836709022521973
DINO loss: 6.812555313110352
DINO loss: 6.801809787750244
DINO loss: 6.798274040222168
Epoch: [0]  [     60/1303223]  eta: 1 day, 7:48:30  lr: 0.000000  weight_decay: 0.040000  loss: 6.810620 (6.730459)  wd: 0.040000 (0.040000)  time: 0.062261  data: 0.004358  max mem: 245
DINO loss: 6.842452049255371
DINO loss: 6.797054767608643
DINO loss: 6.785767555236816
DINO loss: 6.813751697540283
DINO loss: 6.818649768829346
DINO loss: 6.797708034515381
DINO loss: 6.809604167938232
DINO loss: 6.79660701751709
DINO loss: 6.7493977546691895
DINO loss: 6.765369415283203
Epoch: [0]  [     70/1303223]  eta: 1 day, 6:06:48  lr: 0.000000  weight_decay: 0.040000  loss: 6.809489 (6.739920)  wd: 0.040000 (0.040000)  time: 0.062233  data: 0.004358  max mem: 245
DINO loss: 6.797285079956055
DINO loss: 6.816240310668945
DINO loss: 6.7775959968566895
DINO loss: 6.810781955718994
DINO loss: 6.818356513977051
DINO loss: 6.83615779876709
DINO loss: 6.804178237915039
DINO loss: 6.832860946655273
DINO loss: 6.7893218994140625
DINO loss: 6.737990856170654
Epoch: [0]  [     80/1303223]  eta: 1 day, 4:50:12  lr: 0.000000  weight_decay: 0.040000  loss: 6.797708 (6.747594)  wd: 0.040000 (0.040000)  time: 0.054628  data: 0.004365  max mem: 245
DINO loss: 6.79341459274292
DINO loss: 6.815532684326172
DINO loss: 6.794404029846191
DINO loss: 6.7784223556518555
DINO loss: 6.82340145111084
DINO loss: 6.8212785720825195
DINO loss: 6.734475135803223
DINO loss: 6.767607688903809
DINO loss: 6.801898956298828
DINO loss: 6.821569442749023
Epoch: [0]  [     90/1303223]  eta: 1 day, 3:50:36  lr: 0.000000  weight_decay: 0.040000  loss: 6.801899 (6.752826)  wd: 0.040000 (0.040000)  time: 0.054661  data: 0.004362  max mem: 245
DINO loss: 6.7806854248046875
DINO loss: 6.724587440490723
DINO loss: 6.793993949890137
DINO loss: 6.78892707824707
DINO loss: 6.752788543701172
DINO loss: 6.766901969909668
DINO loss: 6.822839736938477
DINO loss: 6.862144470214844
DINO loss: 6.791013717651367
DINO loss: 6.823144912719727
Epoch: [0]  [    100/1303223]  eta: 1 day, 3:03:20  lr: 0.000000  weight_decay: 0.040000  loss: 6.793415 (6.756576)  wd: 0.040000 (0.040000)  time: 0.054823  data: 0.004353  max mem: 245
DINO loss: 6.771908760070801
DINO loss: 6.785153388977051
DINO loss: 6.805952548980713
DINO loss: 6.778303623199463
DINO loss: 6.762651443481445
DINO loss: 6.797629356384277
DINO loss: 6.785889148712158
DINO loss: 6.767021179199219
DINO loss: 6.814646244049072
DINO loss: 6.828174114227295
Epoch: [0]  [    110/1303223]  eta: 1 day, 2:24:24  lr: 0.000000  weight_decay: 0.040000  loss: 6.785889 (6.759563)  wd: 0.040000 (0.040000)  time: 0.054899  data: 0.004372  max mem: 245
DINO loss: 6.778901100158691
DINO loss: 6.820250511169434
DINO loss: 6.736792087554932
DINO loss: 6.8407673835754395
DINO loss: 6.80560302734375
DINO loss: 6.78688907623291
DINO loss: 6.777654647827148
DINO loss: 6.760990142822266
DINO loss: 6.797329425811768
DINO loss: 6.7831315994262695
Epoch: [0]  [    120/1303223]  eta: 1 day, 1:51:37  lr: 0.000000  weight_decay: 0.040000  loss: 6.785153 (6.761982)  wd: 0.040000 (0.040000)  time: 0.054774  data: 0.004382  max mem: 245
DINO loss: 6.780738830566406
DINO loss: 6.812057971954346
DINO loss: 6.8611226081848145
DINO loss: 6.840167045593262
DINO loss: 6.853583812713623
DINO loss: 6.749751091003418
DINO loss: 6.774726867675781
DINO loss: 6.846368789672852
DINO loss: 6.759937286376953
DINO loss: 6.820468425750732
Epoch: [0]  [    130/1303223]  eta: 1 day, 1:23:51  lr: 0.000000  weight_decay: 0.040000  loss: 6.786889 (6.765639)  wd: 0.040000 (0.040000)  time: 0.054700  data: 0.004371  max mem: 245
DINO loss: 6.758596897125244
DINO loss: 6.783377170562744
DINO loss: 6.8358283042907715
DINO loss: 6.8092498779296875
DINO loss: 6.805324554443359
DINO loss: 6.781726837158203
DINO loss: 6.762816429138184
DINO loss: 6.851655006408691
DINO loss: 6.809205055236816
DINO loss: 6.810861587524414
Epoch: [0]  [    140/1303223]  eta: 1 day, 0:59:59  lr: 0.000000  weight_decay: 0.040000  loss: 6.809205 (6.768137)  wd: 0.040000 (0.040000)  time: 0.054687  data: 0.004368  max mem: 245
DINO loss: 6.8020429611206055
DINO loss: 6.831160545349121
DINO loss: 6.851192474365234
DINO loss: 6.8330183029174805
DINO loss: 6.809851169586182
DINO loss: 6.819389343261719
DINO loss: 6.815747261047363
DINO loss: 6.816231727600098
DINO loss: 6.837430000305176
DINO loss: 6.840824127197266
Epoch: [0]  [    150/1303223]  eta: 1 day, 0:39:21  lr: 0.000000  weight_decay: 0.040000  loss: 6.810862 (6.771949)  wd: 0.040000 (0.040000)  time: 0.054701  data: 0.004388  max mem: 245
DINO loss: 6.833362102508545
DINO loss: 6.868644714355469
DINO loss: 6.8586273193359375
DINO loss: 6.759512424468994
DINO loss: 6.833783149719238
DINO loss: 6.772543907165527
DINO loss: 6.824586868286133
DINO loss: 6.69237756729126
DINO loss: 6.8330488204956055
DINO loss: 6.800806045532227
Epoch: [0]  [    160/1303223]  eta: 1 day, 0:21:13  lr: 0.000000  weight_decay: 0.040000  loss: 6.824587 (6.774171)  wd: 0.040000 (0.040000)  time: 0.054706  data: 0.004378  max mem: 245
DINO loss: 6.836533069610596
DINO loss: 6.819231033325195
DINO loss: 6.800603866577148
DINO loss: 6.797957897186279
DINO loss: 6.759724140167236
DINO loss: 6.768556594848633
DINO loss: 6.7205963134765625
DINO loss: 6.7446770668029785
DINO loss: 6.756189346313477
DINO loss: 6.723690986633301
Epoch: [0]  [    170/1303223]  eta: 1 day, 0:05:11  lr: 0.000000  weight_decay: 0.040000  loss: 6.797958 (6.774089)  wd: 0.040000 (0.040000)  time: 0.054678  data: 0.004350  max mem: 245
DINO loss: 6.784092903137207
DINO loss: 6.755684852600098
DINO loss: 6.722798824310303
DINO loss: 6.801382064819336
DINO loss: 6.810729026794434
DINO loss: 6.789563179016113
DINO loss: 6.792967796325684
DINO loss: 6.809361457824707
DINO loss: 6.762880325317383
DINO loss: 6.811816215515137
Epoch: [0]  [    180/1303223]  eta: 23:50:55  lr: 0.000000  weight_decay: 0.040000  loss: 6.784093 (6.774644)  wd: 0.040000 (0.040000)  time: 0.054668  data: 0.004365  max mem: 245
DINO loss: 6.78102970123291
DINO loss: 6.786446571350098
DINO loss: 6.819133758544922
DINO loss: 6.837384223937988
DINO loss: 6.825313568115234
DINO loss: 6.773327827453613
DINO loss: 6.837745666503906
DINO loss: 6.803158760070801
DINO loss: 6.764371395111084
DINO loss: 6.831149101257324
Epoch: [0]  [    190/1303223]  eta: 23:38:52  lr: 0.000000  weight_decay: 0.040000  loss: 6.792968 (6.776281)  wd: 0.040000 (0.040000)  time: 0.054978  data: 0.004381  max mem: 245
DINO loss: 6.793092727661133
DINO loss: 6.801638603210449
DINO loss: 6.832406044006348
DINO loss: 6.804108619689941
DINO loss: 6.773945331573486
DINO loss: 6.8198018074035645
DINO loss: 6.807187080383301
DINO loss: 6.743853569030762
DINO loss: 6.791532039642334
DINO loss: 6.809870719909668
Epoch: [0]  [    200/1303223]  eta: 23:27:24  lr: 0.000000  weight_decay: 0.040000  loss: 6.803159 (6.777349)  wd: 0.040000 (0.040000)  time: 0.055014  data: 0.004384  max mem: 245
DINO loss: 6.802197456359863
DINO loss: 6.811168193817139
DINO loss: 6.7796950340271
DINO loss: 6.790718078613281
DINO loss: 6.804900169372559
DINO loss: 6.802730560302734
DINO loss: 6.793116092681885
DINO loss: 6.7396039962768555
DINO loss: 6.83128547668457
DINO loss: 6.8124542236328125
Epoch: [0]  [    210/1303223]  eta: 23:16:57  lr: 0.000000  weight_decay: 0.040000  loss: 6.802197 (6.778270)  wd: 0.040000 (0.040000)  time: 0.054700  data: 0.004378  max mem: 245
DINO loss: 6.8130717277526855
DINO loss: 6.789605140686035
DINO loss: 6.784844398498535
DINO loss: 6.84649133682251
DINO loss: 6.8183159828186035
DINO loss: 6.735909461975098
DINO loss: 6.8062357902526855
DINO loss: 6.841041564941406
DINO loss: 6.77713680267334
DINO loss: 6.768836975097656
Epoch: [0]  [    220/1303223]  eta: 23:07:28  lr: 0.000000  weight_decay: 0.040000  loss: 6.802197 (6.779169)  wd: 0.040000 (0.040000)  time: 0.054673  data: 0.004379  max mem: 245
DINO loss: 6.790871620178223
DINO loss: 6.795777797698975
DINO loss: 6.799779891967773
DINO loss: 6.799643516540527
DINO loss: 6.7362446784973145
DINO loss: 6.738030433654785
DINO loss: 6.827230930328369
DINO loss: 6.822904586791992
DINO loss: 6.762099742889404
DINO loss: 6.808372497558594
Epoch: [0]  [    230/1303223]  eta: 22:58:50  lr: 0.000000  weight_decay: 0.040000  loss: 6.795778 (6.779556)  wd: 0.040000 (0.040000)  time: 0.054703  data: 0.004383  max mem: 245
DINO loss: 6.764538764953613
DINO loss: 6.779630661010742
DINO loss: 6.8106160163879395
DINO loss: 6.820372581481934
DINO loss: 6.802417278289795
DINO loss: 6.781157493591309
DINO loss: 6.80150032043457
DINO loss: 6.812276840209961
DINO loss: 6.862860202789307
DINO loss: 6.853024482727051
Epoch: [0]  [    240/1303223]  eta: 22:51:24  lr: 0.000000  weight_decay: 0.040000  loss: 6.799780 (6.780771)  wd: 0.040000 (0.040000)  time: 0.054987  data: 0.004382  max mem: 245
DINO loss: 6.827569007873535
DINO loss: 6.811880111694336
DINO loss: 6.797431945800781
DINO loss: 6.784233570098877
DINO loss: 6.810033798217773
DINO loss: 6.795488357543945
DINO loss: 6.804436683654785
DINO loss: 6.825946807861328
DINO loss: 6.8112640380859375
DINO loss: 6.785433769226074
Epoch: [0]  [    250/1303223]  eta: 22:44:04  lr: 0.000000  weight_decay: 0.040000  loss: 6.804437 (6.781751)  wd: 0.040000 (0.040000)  time: 0.054964  data: 0.004386  max mem: 245
DINO loss: 6.823472023010254
DINO loss: 6.8364362716674805
DINO loss: 6.8274641036987305
DINO loss: 6.822661876678467
DINO loss: 6.801291465759277
DINO loss: 6.810357570648193
DINO loss: 6.8217926025390625
DINO loss: 6.7634382247924805
DINO loss: 6.818279266357422
DINO loss: 6.8318986892700195
Epoch: [0]  [    260/1303223]  eta: 22:37:17  lr: 0.000000  weight_decay: 0.040000  loss: 6.811264 (6.783052)  wd: 0.040000 (0.040000)  time: 0.054679  data: 0.004378  max mem: 245
DINO loss: 6.82512092590332
DINO loss: 6.781007289886475
DINO loss: 6.747422695159912
DINO loss: 6.8222150802612305
DINO loss: 6.7791900634765625
DINO loss: 6.816962242126465
DINO loss: 6.784013748168945
DINO loss: 6.791818618774414
DINO loss: 6.829935073852539
DINO loss: 6.794618606567383
Epoch: [0]  [    270/1303223]  eta: 22:31:04  lr: 0.000000  weight_decay: 0.040000  loss: 6.816962 (6.783575)  wd: 0.040000 (0.040000)  time: 0.054719  data: 0.004373  max mem: 245
DINO loss: 6.811651229858398
DINO loss: 6.771088600158691
DINO loss: 6.808230400085449
DINO loss: 6.807620048522949
DINO loss: 6.812051773071289
DINO loss: 6.797787666320801
DINO loss: 6.842649459838867
DINO loss: 6.822161674499512
DINO loss: 6.826049327850342
DINO loss: 6.808991432189941
Epoch: [0]  [    280/1303223]  eta: 22:25:14  lr: 0.000000  weight_decay: 0.040000  loss: 6.808230 (6.784545)  wd: 0.040000 (0.040000)  time: 0.054725  data: 0.004382  max mem: 245
DINO loss: 6.826745986938477
DINO loss: 6.776156425476074
DINO loss: 6.801904201507568
DINO loss: 6.794651031494141
DINO loss: 6.732822895050049
DINO loss: 6.773500919342041
DINO loss: 6.848646640777588
DINO loss: 6.806066513061523
DINO loss: 6.819790840148926
DINO loss: 6.7906904220581055
Epoch: [0]  [    290/1303223]  eta: 22:20:05  lr: 0.000000  weight_decay: 0.040000  loss: 6.807620 (6.784976)  wd: 0.040000 (0.040000)  time: 0.054867  data: 0.004383  max mem: 245
DINO loss: 6.757302284240723
DINO loss: 6.784574031829834
DINO loss: 6.783231258392334
DINO loss: 6.763150215148926
DINO loss: 6.807730674743652
DINO loss: 6.834552764892578
DINO loss: 6.805135250091553
DINO loss: 6.8277997970581055
DINO loss: 6.799417972564697
DINO loss: 6.80903434753418
Epoch: [0]  [    300/1303223]  eta: 22:15:02  lr: 0.000000  weight_decay: 0.040000  loss: 6.799418 (6.785382)  wd: 0.040000 (0.040000)  time: 0.054888  data: 0.004379  max mem: 245
DINO loss: 6.751605033874512
DINO loss: 6.820033550262451
DINO loss: 6.8123979568481445
DINO loss: 6.837468147277832
DINO loss: 6.795833110809326
DINO loss: 6.778278827667236
DINO loss: 6.831061363220215
DINO loss: 6.779388427734375
DINO loss: 6.783730506896973
DINO loss: 6.738833427429199
Epoch: [0]  [    310/1303223]  eta: 22:10:18  lr: 0.000000  weight_decay: 0.040000  loss: 6.795833 (6.785623)  wd: 0.040000 (0.040000)  time: 0.054723  data: 0.004382  max mem: 245
DINO loss: 6.8094940185546875
DINO loss: 6.8099212646484375
DINO loss: 6.798724174499512
DINO loss: 6.746648788452148
DINO loss: 6.815486907958984
DINO loss: 6.790048599243164
DINO loss: 6.709994316101074
DINO loss: 6.778676509857178
DINO loss: 6.756319999694824
DINO loss: 6.719873428344727
Epoch: [0]  [    320/1303223]  eta: 22:05:54  lr: 0.000000  weight_decay: 0.040000  loss: 6.783731 (6.785246)  wd: 0.040000 (0.040000)  time: 0.054743  data: 0.004389  max mem: 245
DINO loss: 6.786035060882568
DINO loss: 6.7832818031311035
DINO loss: 6.813551425933838
DINO loss: 6.7358574867248535
DINO loss: 6.795976161956787
DINO loss: 6.799543857574463
DINO loss: 6.721309661865234
DINO loss: 6.797631740570068
DINO loss: 6.748046875
DINO loss: 6.804664611816406
Epoch: [0]  [    330/1303223]  eta: 22:01:52  lr: 0.000000  weight_decay: 0.040000  loss: 6.786035 (6.785045)  wd: 0.040000 (0.040000)  time: 0.054852  data: 0.004379  max mem: 245
DINO loss: 6.798051834106445
DINO loss: 6.774713516235352
DINO loss: 6.78122615814209
DINO loss: 6.7298383712768555
DINO loss: 6.704346656799316
DINO loss: 6.694709300994873
DINO loss: 6.768074035644531
DINO loss: 6.753604412078857
DINO loss: 6.791827201843262
DINO loss: 6.783461570739746
Epoch: [0]  [    340/1303223]  eta: 21:57:57  lr: 0.000000  weight_decay: 0.040000  loss: 6.781226 (6.784251)  wd: 0.040000 (0.040000)  time: 0.054834  data: 0.004385  max mem: 245
DINO loss: 6.796472549438477
DINO loss: 6.8347063064575195
DINO loss: 6.8240556716918945
DINO loss: 6.826323986053467
DINO loss: 6.775573253631592
DINO loss: 6.82545280456543
DINO loss: 6.833583831787109
DINO loss: 6.809711933135986
DINO loss: 6.7916693687438965
DINO loss: 6.797863960266113
Epoch: [0]  [    350/1303223]  eta: 21:54:13  lr: 0.000000  weight_decay: 0.040000  loss: 6.791669 (6.785029)  wd: 0.040000 (0.040000)  time: 0.054703  data: 0.004397  max mem: 245
DINO loss: 6.826794624328613
DINO loss: 6.834020614624023
DINO loss: 6.738714218139648
DINO loss: 6.854789733886719
DINO loss: 6.843575954437256
DINO loss: 6.81972599029541
DINO loss: 6.717718601226807
DINO loss: 6.80726432800293
DINO loss: 6.767119407653809
DINO loss: 6.800339221954346
Epoch: [0]  [    360/1303223]  eta: 21:50:43  lr: 0.000000  weight_decay: 0.040000  loss: 6.809712 (6.785471)  wd: 0.040000 (0.040000)  time: 0.054698  data: 0.004387  max mem: 245
DINO loss: 6.794872283935547
DINO loss: 6.823888778686523
DINO loss: 6.810757637023926
DINO loss: 6.820518493652344
DINO loss: 6.759524822235107
DINO loss: 6.778732776641846
DINO loss: 6.716276168823242
DINO loss: 6.808513164520264
DINO loss: 6.798515319824219
DINO loss: 6.801579475402832
Epoch: [0]  [    370/1303223]  eta: 21:47:22  lr: 0.000000  weight_decay: 0.040000  loss: 6.801579 (6.785629)  wd: 0.040000 (0.040000)  time: 0.054696  data: 0.004382  max mem: 245
DINO loss: 6.800439834594727
DINO loss: 6.8040266036987305
DINO loss: 6.802727699279785
DINO loss: 6.766669273376465
DINO loss: 6.824410438537598
DINO loss: 6.793985366821289
DINO loss: 6.779292106628418
DINO loss: 6.8284502029418945
DINO loss: 6.752259254455566
DINO loss: 6.811344623565674
Epoch: [0]  [    380/1303223]  eta: 21:44:24  lr: 0.000000  weight_decay: 0.040000  loss: 6.800440 (6.785911)  wd: 0.040000 (0.040000)  time: 0.054843  data: 0.004387  max mem: 245
DINO loss: 6.806077003479004
DINO loss: 6.754288673400879
DINO loss: 6.724252700805664
DINO loss: 6.804400444030762
DINO loss: 6.815733909606934
DINO loss: 6.83215856552124
DINO loss: 6.8005452156066895
DINO loss: 6.734524726867676
DINO loss: 6.780341148376465
DINO loss: 6.7587714195251465
Epoch: [0]  [    390/1303223]  eta: 21:41:25  lr: 0.000000  weight_decay: 0.040000  loss: 6.800440 (6.785788)  wd: 0.040000 (0.040000)  time: 0.054862  data: 0.004398  max mem: 245
DINO loss: 6.73679256439209
DINO loss: 6.729575157165527
DINO loss: 6.753077030181885
DINO loss: 6.754218101501465
DINO loss: 6.805736541748047
DINO loss: 6.779609203338623
DINO loss: 6.715710163116455
DINO loss: 6.7886857986450195
DINO loss: 6.788786888122559
DINO loss: 6.747620582580566
Epoch: [0]  [    400/1303223]  eta: 21:38:35  lr: 0.000000  weight_decay: 0.040000  loss: 6.758771 (6.785144)  wd: 0.040000 (0.040000)  time: 0.054716  data: 0.004390  max mem: 245
DINO loss: 6.7687458992004395
DINO loss: 6.757494926452637
DINO loss: 6.772577285766602
DINO loss: 6.754584789276123
DINO loss: 6.741764068603516
DINO loss: 6.812656879425049
DINO loss: 6.821159839630127
DINO loss: 6.795702934265137
DINO loss: 6.823368072509766
DINO loss: 6.790260314941406
Epoch: [0]  [    410/1303223]  eta: 21:35:53  lr: 0.000000  weight_decay: 0.040000  loss: 6.768746 (6.785112)  wd: 0.040000 (0.040000)  time: 0.054723  data: 0.004384  max mem: 245
DINO loss: 6.7767839431762695
DINO loss: 6.753026485443115
DINO loss: 6.796035289764404
DINO loss: 6.771981239318848
DINO loss: 6.816236972808838
DINO loss: 6.834151268005371
DINO loss: 6.8024139404296875
DINO loss: 6.7919511795043945
DINO loss: 6.856574058532715
DINO loss: 6.785992622375488
Epoch: [0]  [    420/1303223]  eta: 21:33:19  lr: 0.000000  weight_decay: 0.040000  loss: 6.790260 (6.785431)  wd: 0.040000 (0.040000)  time: 0.054716  data: 0.004393  max mem: 245
DINO loss: 6.8376312255859375
DINO loss: 6.803664684295654
DINO loss: 6.80038595199585
DINO loss: 6.80668830871582
DINO loss: 6.839879512786865
DINO loss: 6.841408729553223
DINO loss: 6.84033727645874
DINO loss: 6.820178985595703
DINO loss: 6.7897047996521
DINO loss: 6.834049224853516
Epoch: [0]  [    430/1303223]  eta: 21:30:58  lr: 0.000000  weight_decay: 0.040000  loss: 6.803665 (6.786265)  wd: 0.040000 (0.040000)  time: 0.054824  data: 0.004394  max mem: 245
DINO loss: 6.818453788757324
DINO loss: 6.8137102127075195
DINO loss: 6.813405513763428
DINO loss: 6.795266628265381
DINO loss: 6.8862810134887695
DINO loss: 6.856179237365723
DINO loss: 6.826871395111084
DINO loss: 6.800945281982422
DINO loss: 6.801558971405029
DINO loss: 6.790828704833984
Epoch: [0]  [    440/1303223]  eta: 21:28:39  lr: 0.000000  weight_decay: 0.040000  loss: 6.813710 (6.787038)  wd: 0.040000 (0.040000)  time: 0.054838  data: 0.004397  max mem: 245
DINO loss: 6.835695266723633
DINO loss: 6.80717658996582
DINO loss: 6.802260875701904
DINO loss: 6.8129167556762695
DINO loss: 6.839129447937012
DINO loss: 6.863128662109375
DINO loss: 6.769318103790283
DINO loss: 6.811819076538086
DINO loss: 6.8163347244262695
DINO loss: 6.829730033874512
Epoch: [0]  [    450/1303223]  eta: 21:26:25  lr: 0.000000  weight_decay: 0.040000  loss: 6.813406 (6.787741)  wd: 0.040000 (0.040000)  time: 0.054749  data: 0.004408  max mem: 245
DINO loss: 6.829148292541504
DINO loss: 6.845975875854492
DINO loss: 6.82085657119751
DINO loss: 6.831515312194824
DINO loss: 6.839880466461182
DINO loss: 6.797327995300293
DINO loss: 6.820741653442383
DINO loss: 6.78901481628418
DINO loss: 6.707818508148193
DINO loss: 6.844578742980957
Epoch: [0]  [    460/1303223]  eta: 21:24:17  lr: 0.000000  weight_decay: 0.040000  loss: 6.820742 (6.788282)  wd: 0.040000 (0.040000)  time: 0.054750  data: 0.004401  max mem: 245
DINO loss: 6.838934898376465
DINO loss: 6.831952095031738
DINO loss: 6.790243148803711
DINO loss: 6.757819175720215
DINO loss: 6.777957439422607
DINO loss: 6.818182945251465
DINO loss: 6.791959762573242
DINO loss: 6.806855201721191
DINO loss: 6.771024703979492
DINO loss: 6.803674697875977
Epoch: [0]  [    470/1303223]  eta: 21:22:16  lr: 0.000000  weight_decay: 0.040000  loss: 6.806855 (6.788507)  wd: 0.040000 (0.040000)  time: 0.054762  data: 0.004385  max mem: 245
DINO loss: 6.759079933166504
DINO loss: 6.761817455291748
DINO loss: 6.791285514831543
DINO loss: 6.850186824798584
DINO loss: 6.806948661804199
DINO loss: 6.799410820007324
DINO loss: 6.792359352111816
DINO loss: 6.790432453155518
DINO loss: 6.732160568237305
DINO loss: 6.791567802429199
Epoch: [0]  [    480/1303223]  eta: 21:20:18  lr: 0.000000  weight_decay: 0.040000  loss: 6.791568 (6.788486)  wd: 0.040000 (0.040000)  time: 0.054749  data: 0.004387  max mem: 245
DINO loss: 6.823173522949219
DINO loss: 6.7847185134887695
DINO loss: 6.814643859863281
DINO loss: 6.762551307678223
DINO loss: 6.820896148681641
DINO loss: 6.776877403259277
DINO loss: 6.759531021118164
DINO loss: 6.742275238037109
DINO loss: 6.828935623168945
DINO loss: 6.744121074676514
Epoch: [0]  [    490/1303223]  eta: 21:18:25  lr: 0.000000  weight_decay: 0.040000  loss: 6.790432 (6.788431)  wd: 0.040000 (0.040000)  time: 0.054727  data: 0.004392  max mem: 245
DINO loss: 6.8013482093811035
DINO loss: 6.80208158493042
DINO loss: 6.796049118041992
DINO loss: 6.819753170013428
DINO loss: 6.786108493804932
DINO loss: 6.807967662811279
DINO loss: 6.767154693603516
DINO loss: 6.7912797927856445
DINO loss: 6.83627462387085
DINO loss: 6.778496265411377
Epoch: [0]  [    500/1303223]  eta: 21:16:38  lr: 0.000000  weight_decay: 0.040000  loss: 6.791280 (6.788635)  wd: 0.040000 (0.040000)  time: 0.054764  data: 0.004391  max mem: 245
DINO loss: 6.774354457855225
DINO loss: 6.823266983032227
DINO loss: 6.810719013214111
DINO loss: 6.792629241943359
DINO loss: 6.750393390655518
DINO loss: 6.807248115539551
DINO loss: 6.824983596801758
DINO loss: 6.821749687194824
DINO loss: 6.808474063873291
DINO loss: 6.749632358551025
Epoch: [0]  [    510/1303223]  eta: 21:14:54  lr: 0.000000  weight_decay: 0.040000  loss: 6.801348 (6.788786)  wd: 0.040000 (0.040000)  time: 0.054773  data: 0.004395  max mem: 245
DINO loss: 6.776401996612549
DINO loss: 6.822393894195557
DINO loss: 6.782224178314209
DINO loss: 6.708501815795898
DINO loss: 6.818418502807617
DINO loss: 6.798866271972656
DINO loss: 6.783588409423828
DINO loss: 6.767417907714844
DINO loss: 6.746606826782227
DINO loss: 6.785808563232422
Epoch: [0]  [    520/1303223]  eta: 21:13:14  lr: 0.000000  weight_decay: 0.040000  loss: 6.785809 (6.788599)  wd: 0.040000 (0.040000)  time: 0.054739  data: 0.004400  max mem: 245
DINO loss: 6.7913432121276855
DINO loss: 6.7961554527282715
DINO loss: 6.812570571899414
DINO loss: 6.759765625
DINO loss: 6.792816638946533
DINO loss: 6.783951282501221
DINO loss: 6.806525230407715
DINO loss: 6.744055271148682
DINO loss: 6.753552436828613
DINO loss: 6.76105260848999
Epoch: [0]  [    530/1303223]  eta: 21:11:37  lr: 0.000000  weight_decay: 0.040000  loss: 6.783588 (6.788440)  wd: 0.040000 (0.040000)  time: 0.054719  data: 0.004390  max mem: 245
DINO loss: 6.793670654296875
DINO loss: 6.815348148345947
DINO loss: 6.831183910369873
DINO loss: 6.758599281311035
DINO loss: 6.763512134552002
DINO loss: 6.7741289138793945
DINO loss: 6.785173416137695
DINO loss: 6.758559226989746
DINO loss: 6.793351650238037
DINO loss: 6.83027458190918
Epoch: [0]  [    540/1303223]  eta: 21:10:04  lr: 0.000000  weight_decay: 0.040000  loss: 6.785173 (6.788476)  wd: 0.040000 (0.040000)  time: 0.054729  data: 0.004397  max mem: 245
DINO loss: 6.823049545288086
DINO loss: 6.7678022384643555
DINO loss: 6.820204734802246
DINO loss: 6.754245758056641
DINO loss: 6.810543060302734
DINO loss: 6.8015546798706055
DINO loss: 6.805996894836426
DINO loss: 6.806179046630859
DINO loss: 6.814835071563721
DINO loss: 6.745846748352051
Epoch: [0]  [    550/1303223]  eta: 21:08:38  lr: 0.000000  weight_decay: 0.040000  loss: 6.793671 (6.788595)  wd: 0.040000 (0.040000)  time: 0.054812  data: 0.004396  max mem: 245
DINO loss: 6.799375534057617
DINO loss: 6.8160529136657715
DINO loss: 6.781607627868652
DINO loss: 6.802883148193359
DINO loss: 6.733792781829834
DINO loss: 6.810340881347656
DINO loss: 6.78447961807251
DINO loss: 6.822146415710449
DINO loss: 6.779910087585449
DINO loss: 6.797605991363525
Epoch: [0]  [    560/1303223]  eta: 21:07:14  lr: 0.000000  weight_decay: 0.040000  loss: 6.801555 (6.788670)  wd: 0.040000 (0.040000)  time: 0.054861  data: 0.004381  max mem: 245
DINO loss: 6.780498504638672
DINO loss: 6.788900852203369
DINO loss: 6.730884075164795
DINO loss: 6.82650899887085
DINO loss: 6.767404556274414
DINO loss: 6.711861610412598
DINO loss: 6.795416831970215
DINO loss: 6.774770259857178
DINO loss: 6.806451320648193
DINO loss: 6.7748870849609375
Epoch: [0]  [    570/1303223]  eta: 21:05:49  lr: 0.000000  weight_decay: 0.040000  loss: 6.784480 (6.788444)  wd: 0.040000 (0.040000)  time: 0.054749  data: 0.004384  max mem: 245
DINO loss: 6.850868225097656
DINO loss: 6.807872295379639
DINO loss: 6.72932767868042
DINO loss: 6.81390380859375
DINO loss: 6.8129072189331055
DINO loss: 6.789328575134277
DINO loss: 6.821609973907471
DINO loss: 6.76563835144043
DINO loss: 6.770286560058594
DINO loss: 6.8142242431640625
Epoch: [0]  [    580/1303223]  eta: 21:04:28  lr: 0.000000  weight_decay: 0.040000  loss: 6.788901 (6.788601)  wd: 0.040000 (0.040000)  time: 0.054695  data: 0.004392  max mem: 245
DINO loss: 6.806729316711426
DINO loss: 6.784150123596191
DINO loss: 6.738946914672852
DINO loss: 6.77665901184082
DINO loss: 6.817107677459717
DINO loss: 6.768923759460449
DINO loss: 6.818672180175781
DINO loss: 6.768878936767578
DINO loss: 6.692831039428711
DINO loss: 6.778644561767578
Epoch: [0]  [    590/1303223]  eta: 21:03:10  lr: 0.000000  weight_decay: 0.040000  loss: 6.784150 (6.788374)  wd: 0.040000 (0.040000)  time: 0.054717  data: 0.004396  max mem: 245
DINO loss: 6.789822578430176
DINO loss: 6.80644416809082
DINO loss: 6.751189231872559
DINO loss: 6.808820724487305
DINO loss: 6.769326210021973
DINO loss: 6.7961320877075195
DINO loss: 6.792887210845947
DINO loss: 6.786648750305176
DINO loss: 6.794515609741211
DINO loss: 6.768770217895508
Epoch: [0]  [    600/1303223]  eta: 21:01:58  lr: 0.000000  weight_decay: 0.040000  loss: 6.784150 (6.788342)  wd: 0.040000 (0.040000)  time: 0.054808  data: 0.004393  max mem: 245
DINO loss: 6.7840070724487305
DINO loss: 6.78485107421875
DINO loss: 6.8034515380859375
DINO loss: 6.763306617736816
DINO loss: 6.7785162925720215
DINO loss: 6.775230407714844
DINO loss: 6.777371883392334
DINO loss: 6.77662467956543
DINO loss: 6.794069290161133
DINO loss: 6.7871198654174805
Epoch: [0]  [    610/1303223]  eta: 21:00:44  lr: 0.000000  weight_decay: 0.040000  loss: 6.784851 (6.788246)  wd: 0.040000 (0.040000)  time: 0.054806  data: 0.004391  max mem: 245
DINO loss: 6.767899990081787
DINO loss: 6.744959831237793
DINO loss: 6.7450432777404785
DINO loss: 6.820960998535156
DINO loss: 6.707172870635986
DINO loss: 6.80120849609375
DINO loss: 6.806118011474609
DINO loss: 6.807916641235352
DINO loss: 6.798460006713867
DINO loss: 6.803775787353516
Epoch: [0]  [    620/1303223]  eta: 20:59:35  lr: 0.000000  weight_decay: 0.040000  loss: 6.784007 (6.788119)  wd: 0.040000 (0.040000)  time: 0.054737  data: 0.004395  max mem: 245
DINO loss: 6.812190055847168
DINO loss: 6.777097702026367
DINO loss: 6.761213302612305
DINO loss: 6.797957897186279
DINO loss: 6.780645370483398
DINO loss: 6.782480716705322
DINO loss: 6.750433921813965
DINO loss: 6.835848331451416
DINO loss: 6.770927429199219
DINO loss: 6.782326698303223
Epoch: [0]  [    630/1303223]  eta: 20:58:27  lr: 0.000000  weight_decay: 0.040000  loss: 6.782327 (6.788071)  wd: 0.040000 (0.040000)  time: 0.054763  data: 0.004404  max mem: 245
DINO loss: 6.790585041046143
DINO loss: 6.77430534362793
DINO loss: 6.806728839874268
DINO loss: 6.833529472351074
DINO loss: 6.796589374542236
DINO loss: 6.778549671173096
DINO loss: 6.787309646606445
DINO loss: 6.805904388427734
DINO loss: 6.736642837524414
DINO loss: 6.7802934646606445
Epoch: [0]  [    640/1303223]  eta: 20:57:19  lr: 0.000000  weight_decay: 0.040000  loss: 6.782327 (6.788086)  wd: 0.040000 (0.040000)  time: 0.054716  data: 0.004390  max mem: 245
DINO loss: 6.749689102172852
DINO loss: 6.681290626525879
DINO loss: 6.791888236999512
DINO loss: 6.800032138824463
DINO loss: 6.794269561767578
DINO loss: 6.746216773986816
DINO loss: 6.742053985595703
DINO loss: 6.759208679199219
DINO loss: 6.748068809509277
DINO loss: 6.737725257873535
Epoch: [0]  [    650/1303223]  eta: 20:56:22  lr: 0.000000  weight_decay: 0.040000  loss: 6.778550 (6.787579)  wd: 0.040000 (0.040000)  time: 0.054871  data: 0.004386  max mem: 245
DINO loss: 6.759295463562012
DINO loss: 6.806131362915039
DINO loss: 6.832108497619629
DINO loss: 6.795072555541992
DINO loss: 6.750959873199463
DINO loss: 6.811184883117676
DINO loss: 6.7441792488098145
DINO loss: 6.764281272888184
DINO loss: 6.8172149658203125
DINO loss: 6.723041534423828
Epoch: [0]  [    660/1303223]  eta: 20:55:19  lr: 0.000000  weight_decay: 0.040000  loss: 6.759209 (6.787469)  wd: 0.040000 (0.040000)  time: 0.054890  data: 0.004408  max mem: 245
DINO loss: 6.787721157073975
DINO loss: 6.788880348205566
DINO loss: 6.769708633422852
DINO loss: 6.8137383460998535
DINO loss: 6.792067527770996
DINO loss: 6.783420085906982
DINO loss: 6.811502933502197
DINO loss: 6.797179222106934
DINO loss: 6.702937602996826
DINO loss: 6.672930717468262
Epoch: [0]  [    670/1303223]  eta: 20:54:18  lr: 0.000000  weight_decay: 0.040000  loss: 6.787721 (6.787239)  wd: 0.040000 (0.040000)  time: 0.054714  data: 0.004393  max mem: 245
DINO loss: 6.76005220413208
DINO loss: 6.804478645324707
DINO loss: 6.7733893394470215
DINO loss: 6.765798568725586
DINO loss: 6.829839706420898
DINO loss: 6.8173508644104
DINO loss: 6.796205997467041
DINO loss: 6.793394565582275
DINO loss: 6.793325901031494
DINO loss: 6.785325050354004
Epoch: [0]  [    680/1303223]  eta: 20:53:18  lr: 0.000000  weight_decay: 0.040000  loss: 6.788880 (6.787307)  wd: 0.040000 (0.040000)  time: 0.054695  data: 0.004374  max mem: 245
DINO loss: 6.743514537811279
DINO loss: 6.779355525970459
DINO loss: 6.797298431396484
DINO loss: 6.796534538269043
DINO loss: 6.8022780418396
DINO loss: 6.8197479248046875
DINO loss: 6.762670516967773
DINO loss: 6.784291744232178
DINO loss: 6.846883296966553
DINO loss: 6.813229084014893
Epoch: [0]  [    690/1303223]  eta: 20:52:22  lr: 0.000000  weight_decay: 0.040000  loss: 6.793395 (6.787413)  wd: 0.040000 (0.040000)  time: 0.054735  data: 0.004381  max mem: 245
DINO loss: 6.821220874786377
DINO loss: 6.7935261726379395
DINO loss: 6.756556034088135
DINO loss: 6.735844612121582
DINO loss: 6.754143714904785
DINO loss: 6.732154846191406
DINO loss: 6.803092956542969
DINO loss: 6.800329208374023
DINO loss: 6.821430206298828
DINO loss: 6.7670698165893555
Epoch: [0]  [    700/1303223]  eta: 20:51:26  lr: 0.000000  weight_decay: 0.040000  loss: 6.793526 (6.787286)  wd: 0.040000 (0.040000)  time: 0.054752  data: 0.004385  max mem: 245
DINO loss: 6.768527507781982
DINO loss: 6.806798934936523
DINO loss: 6.79416561126709
DINO loss: 6.780513763427734
DINO loss: 6.698707580566406
DINO loss: 6.804291248321533
DINO loss: 6.829531669616699
DINO loss: 6.804665565490723
DINO loss: 6.828065395355225
DINO loss: 6.796202659606934
Epoch: [0]  [    710/1303223]  eta: 20:50:32  lr: 0.000000  weight_decay: 0.040000  loss: 6.794166 (6.787340)  wd: 0.040000 (0.040000)  time: 0.054724  data: 0.004388  max mem: 245
DINO loss: 6.772255897521973
DINO loss: 6.80765438079834
DINO loss: 6.781087875366211
DINO loss: 6.839964866638184
DINO loss: 6.838000774383545
DINO loss: 6.789013862609863
DINO loss: 6.825845241546631
DINO loss: 6.8220601081848145
DINO loss: 6.786443710327148
DINO loss: 6.787025451660156
Epoch: [0]  [    720/1303223]  eta: 20:49:40  lr: 0.000000  weight_decay: 0.040000  loss: 6.796203 (6.787584)  wd: 0.040000 (0.040000)  time: 0.054749  data: 0.004395  max mem: 245
DINO loss: 6.81434965133667
DINO loss: 6.8015217781066895
DINO loss: 6.7729363441467285
DINO loss: 6.771347999572754
DINO loss: 6.809433937072754
DINO loss: 6.749631404876709
DINO loss: 6.794918537139893
DINO loss: 6.783276557922363
DINO loss: 6.75233268737793
DINO loss: 6.779707431793213
Epoch: [0]  [    730/1303223]  eta: 20:48:49  lr: 0.000000  weight_decay: 0.040000  loss: 6.787025 (6.787521)  wd: 0.040000 (0.040000)  time: 0.054744  data: 0.004396  max mem: 245
DINO loss: 6.74344539642334
DINO loss: 6.78631067276001
DINO loss: 6.805904388427734
DINO loss: 6.766932010650635
DINO loss: 6.761744499206543
DINO loss: 6.792598247528076
DINO loss: 6.813645839691162
DINO loss: 6.789034366607666
DINO loss: 6.809364318847656
DINO loss: 6.763304710388184
Epoch: [0]  [    740/1303223]  eta: 20:48:00  lr: 0.000000  weight_decay: 0.040000  loss: 6.783277 (6.787463)  wd: 0.040000 (0.040000)  time: 0.054750  data: 0.004395  max mem: 245
DINO loss: 6.820050239562988
DINO loss: 6.801953315734863
DINO loss: 6.850513458251953
DINO loss: 6.820241451263428
DINO loss: 6.76155424118042
DINO loss: 6.691984176635742
DINO loss: 6.7921342849731445
DINO loss: 6.735161781311035
DINO loss: 6.764484882354736
DINO loss: 6.815300941467285
Epoch: [0]  [    750/1303223]  eta: 20:47:12  lr: 0.000000  weight_decay: 0.040000  loss: 6.789034 (6.787435)  wd: 0.040000 (0.040000)  time: 0.054760  data: 0.004393  max mem: 245
DINO loss: 6.754245758056641
DINO loss: 6.702535629272461
DINO loss: 6.772623062133789
DINO loss: 6.789192199707031
DINO loss: 6.789028167724609
DINO loss: 6.771234512329102
DINO loss: 6.759763717651367
DINO loss: 6.813384056091309
DINO loss: 6.798407554626465
DINO loss: 6.804373264312744
Epoch: [0]  [    760/1303223]  eta: 20:46:24  lr: 0.000000  weight_decay: 0.040000  loss: 6.789028 (6.787278)  wd: 0.040000 (0.040000)  time: 0.054726  data: 0.004387  max mem: 245
DINO loss: 6.770801544189453
DINO loss: 6.756877899169922
DINO loss: 6.79786491394043
DINO loss: 6.724326133728027
DINO loss: 6.807584762573242
DINO loss: 6.766325950622559
DINO loss: 6.799234390258789
DINO loss: 6.727344512939453
DINO loss: 6.776030540466309
DINO loss: 6.79641056060791
Epoch: [0]  [    770/1303223]  eta: 20:45:39  lr: 0.000000  weight_decay: 0.040000  loss: 6.772623 (6.787083)  wd: 0.040000 (0.040000)  time: 0.054725  data: 0.004395  max mem: 245
DINO loss: 6.785854339599609
DINO loss: 6.783576488494873
DINO loss: 6.7868804931640625
DINO loss: 6.767568111419678
DINO loss: 6.751826286315918
DINO loss: 6.814248085021973
DINO loss: 6.727644920349121
DINO loss: 6.741570472717285
DINO loss: 6.798810005187988
DINO loss: 6.786761283874512
Epoch: [0]  [    780/1303223]  eta: 20:44:53  lr: 0.000000  weight_decay: 0.040000  loss: 6.776031 (6.786922)  wd: 0.040000 (0.040000)  time: 0.054724  data: 0.004385  max mem: 245
DINO loss: 6.843901634216309
DINO loss: 6.796302795410156
DINO loss: 6.780138969421387
DINO loss: 6.834888935089111
DINO loss: 6.816055774688721
DINO loss: 6.796591758728027
DINO loss: 6.844700813293457
DINO loss: 6.767177104949951
DINO loss: 6.793134689331055
DINO loss: 6.73146915435791
Epoch: [0]  [    790/1303223]  eta: 20:44:10  lr: 0.000000  weight_decay: 0.040000  loss: 6.786761 (6.787092)  wd: 0.040000 (0.040000)  time: 0.054731  data: 0.004382  max mem: 245
DINO loss: 6.810760498046875
DINO loss: 6.794342994689941
DINO loss: 6.778958320617676
DINO loss: 6.807492256164551
DINO loss: 6.814938545227051
DINO loss: 6.765841484069824
DINO loss: 6.799455165863037
DINO loss: 6.790315628051758
DINO loss: 6.7070770263671875
DINO loss: 6.806166648864746
Epoch: [0]  [    800/1303223]  eta: 20:43:28  lr: 0.000000  weight_decay: 0.040000  loss: 6.796303 (6.787098)  wd: 0.040000 (0.040000)  time: 0.054758  data: 0.004396  max mem: 245
DINO loss: 6.779902935028076
DINO loss: 6.761050224304199
DINO loss: 6.814805030822754
DINO loss: 6.798394680023193
DINO loss: 6.779301643371582
DINO loss: 6.819739818572998
DINO loss: 6.7055792808532715
DINO loss: 6.755702972412109
DINO loss: 6.820310592651367
DINO loss: 6.761631965637207
Epoch: [0]  [    810/1303223]  eta: 20:42:46  lr: 0.000000  weight_decay: 0.040000  loss: 6.790316 (6.787006)  wd: 0.040000 (0.040000)  time: 0.054742  data: 0.004389  max mem: 245
DINO loss: 6.822113990783691
DINO loss: 6.798888683319092
DINO loss: 6.767990589141846
DINO loss: 6.822415828704834
DINO loss: 6.833709716796875
DINO loss: 6.787636756896973
DINO loss: 6.796762466430664
DINO loss: 6.751983642578125
DINO loss: 6.812603950500488
DINO loss: 6.825591087341309
Epoch: [0]  [    820/1303223]  eta: 20:42:06  lr: 0.000000  weight_decay: 0.040000  loss: 6.796762 (6.787188)  wd: 0.040000 (0.040000)  time: 0.054725  data: 0.004383  max mem: 245
DINO loss: 6.8117570877075195
DINO loss: 6.809976100921631
DINO loss: 6.728997230529785
DINO loss: 6.805660724639893
DINO loss: 6.773694038391113
DINO loss: 6.784278392791748
DINO loss: 6.777715682983398
DINO loss: 6.768198013305664
DINO loss: 6.853166580200195
DINO loss: 6.827169418334961
Epoch: [0]  [    830/1303223]  eta: 20:41:26  lr: 0.000000  weight_decay: 0.040000  loss: 6.798889 (6.787271)  wd: 0.040000 (0.040000)  time: 0.054733  data: 0.004390  max mem: 245
DINO loss: 6.789944648742676
DINO loss: 6.795580863952637
DINO loss: 6.824761390686035
DINO loss: 6.828229904174805
DINO loss: 6.789511680603027
DINO loss: 6.795017719268799
DINO loss: 6.803859710693359
DINO loss: 6.798915386199951
DINO loss: 6.751760959625244
DINO loss: 6.8251142501831055
Epoch: [0]  [    840/1303223]  eta: 20:40:47  lr: 0.000000  weight_decay: 0.040000  loss: 6.795581 (6.787426)  wd: 0.040000 (0.040000)  time: 0.054731  data: 0.004393  max mem: 245
DINO loss: 6.79279899597168
DINO loss: 6.811968803405762
DINO loss: 6.720314025878906
DINO loss: 6.7870941162109375
DINO loss: 6.798903465270996
DINO loss: 6.781477451324463
DINO loss: 6.728595733642578
DINO loss: 6.759644031524658
DINO loss: 6.777039527893066
DINO loss: 6.786977767944336
Epoch: [0]  [    850/1303223]  eta: 20:40:09  lr: 0.000000  weight_decay: 0.040000  loss: 6.789945 (6.787273)  wd: 0.040000 (0.040000)  time: 0.054719  data: 0.004383  max mem: 245
DINO loss: 6.811628818511963
DINO loss: 6.824253559112549
DINO loss: 6.769129753112793
DINO loss: 6.75870418548584
DINO loss: 6.736274719238281
DINO loss: 6.7272515296936035
DINO loss: 6.73354959487915
DINO loss: 6.778854846954346
DINO loss: 6.831275939941406
DINO loss: 6.682702541351318
Epoch: [0]  [    860/1303223]  eta: 20:39:32  lr: 0.000000  weight_decay: 0.040000  loss: 6.777040 (6.787019)  wd: 0.040000 (0.040000)  time: 0.054711  data: 0.004373  max mem: 245
DINO loss: 6.762725830078125
DINO loss: 6.76702356338501
DINO loss: 6.812408447265625
DINO loss: 6.7832231521606445
DINO loss: 6.804958343505859
DINO loss: 6.79854679107666
DINO loss: 6.824483394622803
DINO loss: 6.809358596801758
DINO loss: 6.841030597686768
DINO loss: 6.801445960998535
Epoch: [0]  [    870/1303223]  eta: 20:38:56  lr: 0.000000  weight_decay: 0.040000  loss: 6.783223 (6.787174)  wd: 0.040000 (0.040000)  time: 0.054734  data: 0.004385  max mem: 245
DINO loss: 6.763238906860352
DINO loss: 6.801596164703369
DINO loss: 6.818943977355957
DINO loss: 6.803066253662109
DINO loss: 6.784221649169922
DINO loss: 6.833895683288574
DINO loss: 6.7516069412231445
DINO loss: 6.778445720672607
DINO loss: 6.809778213500977
DINO loss: 6.821669578552246
Epoch: [0]  [    880/1303223]  eta: 20:38:21  lr: 0.000000  weight_decay: 0.040000  loss: 6.801596 (6.787282)  wd: 0.040000 (0.040000)  time: 0.054758  data: 0.004391  max mem: 245
DINO loss: 6.815042495727539
DINO loss: 6.822472095489502
DINO loss: 6.767600059509277
DINO loss: 6.756999492645264
DINO loss: 6.8302764892578125
DINO loss: 6.812566757202148
DINO loss: 6.809482574462891
DINO loss: 6.825381278991699
DINO loss: 6.775130748748779
DINO loss: 6.815680980682373
Epoch: [0]  [    890/1303223]  eta: 20:37:47  lr: 0.000000  weight_decay: 0.040000  loss: 6.809483 (6.787459)  wd: 0.040000 (0.040000)  time: 0.054751  data: 0.004378  max mem: 245
DINO loss: 6.808529853820801
DINO loss: 6.79382848739624
DINO loss: 6.849671840667725
DINO loss: 6.7727274894714355
DINO loss: 6.799206733703613
DINO loss: 6.772029876708984
DINO loss: 6.766854286193848
DINO loss: 6.821145057678223
DINO loss: 6.773699760437012
DINO loss: 6.752102375030518
Epoch: [0]  [    900/1303223]  eta: 20:37:14  lr: 0.000000  weight_decay: 0.040000  loss: 6.799207 (6.787498)  wd: 0.040000 (0.040000)  time: 0.054767  data: 0.004393  max mem: 245
DINO loss: 6.759771347045898
DINO loss: 6.7726731300354
DINO loss: 6.782876968383789
DINO loss: 6.721470832824707
DINO loss: 6.74656867980957
DINO loss: 6.807088851928711
DINO loss: 6.803823471069336
DINO loss: 6.811529159545898
DINO loss: 6.771570205688477
DINO loss: 6.77864933013916
Epoch: [0]  [    910/1303223]  eta: 20:36:45  lr: 0.000000  weight_decay: 0.040000  loss: 6.773700 (6.787367)  wd: 0.040000 (0.040000)  time: 0.054906  data: 0.004402  max mem: 245
DINO loss: 6.7646379470825195
DINO loss: 6.758602142333984
DINO loss: 6.74918270111084
DINO loss: 6.772838592529297
DINO loss: 6.7407546043396
DINO loss: 6.796257019042969
DINO loss: 6.777890682220459
DINO loss: 6.788769721984863
DINO loss: 6.715144157409668
DINO loss: 6.770593643188477
Epoch: [0]  [    920/1303223]  eta: 20:36:14  lr: 0.000000  weight_decay: 0.040000  loss: 6.771570 (6.787108)  wd: 0.040000 (0.040000)  time: 0.054903  data: 0.004394  max mem: 245
DINO loss: 6.7454633712768555
DINO loss: 6.7049760818481445
DINO loss: 6.756190299987793
DINO loss: 6.760120391845703
DINO loss: 6.733389854431152
DINO loss: 6.786854267120361
DINO loss: 6.773425102233887
DINO loss: 6.775000095367432
DINO loss: 6.792190074920654
DINO loss: 6.710874557495117
Epoch: [0]  [    930/1303223]  eta: 20:35:43  lr: 0.000000  weight_decay: 0.040000  loss: 6.760120 (6.786750)  wd: 0.040000 (0.040000)  time: 0.054794  data: 0.004395  max mem: 245
DINO loss: 6.8178510665893555
DINO loss: 6.776902198791504
DINO loss: 6.753300189971924
DINO loss: 6.785887718200684
DINO loss: 6.760617256164551
DINO loss: 6.7247314453125
DINO loss: 6.787442207336426
DINO loss: 6.766796588897705
DINO loss: 6.7587385177612305
DINO loss: 6.768637657165527
Epoch: [0]  [    940/1303223]  eta: 20:35:13  lr: 0.000000  weight_decay: 0.040000  loss: 6.760617 (6.786573)  wd: 0.040000 (0.040000)  time: 0.054812  data: 0.004411  max mem: 245
DINO loss: 6.755566596984863
DINO loss: 6.8191680908203125
DINO loss: 6.788236618041992
DINO loss: 6.793299674987793
DINO loss: 6.758332252502441
DINO loss: 6.766574859619141
DINO loss: 6.780583381652832
DINO loss: 6.742182731628418
DINO loss: 6.802902698516846
DINO loss: 6.740046501159668
Epoch: [0]  [    950/1303223]  eta: 20:34:46  lr: 0.000000  weight_decay: 0.040000  loss: 6.766797 (6.786448)  wd: 0.040000 (0.040000)  time: 0.054875  data: 0.004420  max mem: 245
DINO loss: 6.764195919036865
DINO loss: 6.765432357788086
DINO loss: 6.781661033630371
DINO loss: 6.711475372314453
DINO loss: 6.809820175170898
DINO loss: 6.7583112716674805
DINO loss: 6.799602508544922
DINO loss: 6.769317150115967
DINO loss: 6.730290412902832
DINO loss: 6.791153430938721
Epoch: [0]  [    960/1303223]  eta: 20:34:17  lr: 0.000000  weight_decay: 0.040000  loss: 6.766575 (6.786258)  wd: 0.040000 (0.040000)  time: 0.054877  data: 0.004411  max mem: 245
DINO loss: 6.795724391937256
DINO loss: 6.787447929382324
DINO loss: 6.711155891418457
DINO loss: 6.69526481628418
DINO loss: 6.771773815155029
DINO loss: 6.768147945404053
DINO loss: 6.781750679016113
DINO loss: 6.810061931610107
DINO loss: 6.798277854919434
DINO loss: 6.774193286895752
Epoch: [0]  [    970/1303223]  eta: 20:33:48  lr: 0.000000  weight_decay: 0.040000  loss: 6.771774 (6.786084)  wd: 0.040000 (0.040000)  time: 0.054776  data: 0.004404  max mem: 245
DINO loss: 6.768911361694336
DINO loss: 6.787079334259033
DINO loss: 6.738785743713379
DINO loss: 6.763725757598877
DINO loss: 6.822889804840088
DINO loss: 6.7637481689453125
DINO loss: 6.759008407592773
DINO loss: 6.755193710327148
DINO loss: 6.774075508117676
DINO loss: 6.739203929901123
Epoch: [0]  [    980/1303223]  eta: 20:33:19  lr: 0.000000  weight_decay: 0.040000  loss: 6.768911 (6.785892)  wd: 0.040000 (0.040000)  time: 0.054741  data: 0.004400  max mem: 245
DINO loss: 6.72582483291626
DINO loss: 6.744123458862305
DINO loss: 6.732234001159668
DINO loss: 6.725898742675781
DINO loss: 6.757031440734863
DINO loss: 6.753836631774902
DINO loss: 6.768828868865967
DINO loss: 6.761584758758545
DINO loss: 6.791445732116699
DINO loss: 6.768759727478027
Epoch: [0]  [    990/1303223]  eta: 20:32:52  lr: 0.000000  weight_decay: 0.040000  loss: 6.759008 (6.785560)  wd: 0.040000 (0.040000)  time: 0.054772  data: 0.004391  max mem: 245
DINO loss: 6.785121917724609
DINO loss: 6.718316078186035
DINO loss: 6.749883651733398
DINO loss: 6.813758850097656
DINO loss: 6.780513286590576
DINO loss: 6.749329566955566
DINO loss: 6.807038307189941
DINO loss: 6.748981475830078
DINO loss: 6.773314476013184
DINO loss: 6.751375675201416
Epoch: [0]  [   1000/1303223]  eta: 20:32:27  lr: 0.000000  weight_decay: 0.040000  loss: 6.753837 (6.785382)  wd: 0.040000 (0.040000)  time: 0.054848  data: 0.004387  max mem: 245
DINO loss: 6.790787220001221
DINO loss: 6.7960405349731445
DINO loss: 6.814300537109375
DINO loss: 6.826740264892578
DINO loss: 6.747943878173828
DINO loss: 6.796751022338867
DINO loss: 6.781243324279785
DINO loss: 6.700193405151367
DINO loss: 6.79940938949585
DINO loss: 6.785243034362793
Epoch: [0]  [   1010/1303223]  eta: 20:32:00  lr: 0.000000  weight_decay: 0.040000  loss: 6.781243 (6.785367)  wd: 0.040000 (0.040000)  time: 0.054839  data: 0.004397  max mem: 245
DINO loss: 6.764163494110107
DINO loss: 6.737800598144531
DINO loss: 6.776850700378418
DINO loss: 6.828919887542725
DINO loss: 6.79132080078125
DINO loss: 6.761754989624023
DINO loss: 6.758763313293457
DINO loss: 6.716437339782715
DINO loss: 6.770560264587402
DINO loss: 6.774324893951416
Epoch: [0]  [   1020/1303223]  eta: 20:31:35  lr: 0.000000  weight_decay: 0.040000  loss: 6.776851 (6.785198)  wd: 0.040000 (0.040000)  time: 0.054787  data: 0.004398  max mem: 245
DINO loss: 6.730460166931152
DINO loss: 6.718073844909668
DINO loss: 6.71044921875
DINO loss: 6.808332443237305
DINO loss: 6.788733005523682
DINO loss: 6.787763595581055
DINO loss: 6.790273666381836
DINO loss: 6.747656345367432
DINO loss: 6.776894569396973
DINO loss: 6.751404762268066
Epoch: [0]  [   1030/1303223]  eta: 20:31:09  lr: 0.000000  weight_decay: 0.040000  loss: 6.764163 (6.784963)  wd: 0.040000 (0.040000)  time: 0.054780  data: 0.004389  max mem: 245
DINO loss: 6.765895843505859
DINO loss: 6.7738494873046875
DINO loss: 6.738493919372559
DINO loss: 6.741048812866211
DINO loss: 6.793342590332031
DINO loss: 6.767423629760742
DINO loss: 6.743882656097412
DINO loss: 6.781193256378174
DINO loss: 6.812102317810059
DINO loss: 6.764829635620117
Epoch: [0]  [   1040/1303223]  eta: 20:30:45  lr: 0.000000  weight_decay: 0.040000  loss: 6.765896 (6.784802)  wd: 0.040000 (0.040000)  time: 0.054789  data: 0.004393  max mem: 245
DINO loss: 6.741997718811035
DINO loss: 6.717106819152832
DINO loss: 6.782542705535889
DINO loss: 6.7923583984375
DINO loss: 6.744471549987793
DINO loss: 6.756122589111328
DINO loss: 6.748805999755859
DINO loss: 6.820070266723633
DINO loss: 6.735467910766602
DINO loss: 6.777728080749512
Epoch: [0]  [   1050/1303223]  eta: 20:30:20  lr: 0.000000  weight_decay: 0.040000  loss: 6.764830 (6.784582)  wd: 0.040000 (0.040000)  time: 0.054798  data: 0.004401  max mem: 245
DINO loss: 6.759164810180664
DINO loss: 6.770272254943848
DINO loss: 6.762476921081543
DINO loss: 6.746722221374512
DINO loss: 6.767305850982666
DINO loss: 6.736725807189941
DINO loss: 6.771359443664551
DINO loss: 6.796365737915039
DINO loss: 6.731073379516602
DINO loss: 6.792180061340332
Epoch: [0]  [   1060/1303223]  eta: 20:29:55  lr: 0.000000  weight_decay: 0.040000  loss: 6.759165 (6.784382)  wd: 0.040000 (0.040000)  time: 0.054747  data: 0.004390  max mem: 245
DINO loss: 6.74795389175415
DINO loss: 6.7551045417785645
DINO loss: 6.788215637207031
DINO loss: 6.772562026977539
DINO loss: 6.776900291442871
DINO loss: 6.7669291496276855
DINO loss: 6.756076812744141
DINO loss: 6.6968793869018555
DINO loss: 6.797009468078613
DINO loss: 6.793752193450928
Epoch: [0]  [   1070/1303223]  eta: 20:29:31  lr: 0.000000  weight_decay: 0.040000  loss: 6.766929 (6.784202)  wd: 0.040000 (0.040000)  time: 0.054701  data: 0.004384  max mem: 245
DINO loss: 6.811400413513184
DINO loss: 6.729393482208252
DINO loss: 6.776471138000488
DINO loss: 6.77657413482666
DINO loss: 6.757911682128906
DINO loss: 6.634401321411133
DINO loss: 6.759820461273193
DINO loss: 6.790688514709473
DINO loss: 6.78826904296875
DINO loss: 6.759267807006836
Epoch: [0]  [   1080/1303223]  eta: 20:29:09  lr: 0.000000  weight_decay: 0.040000  loss: 6.766929 (6.783964)  wd: 0.040000 (0.040000)  time: 0.054775  data: 0.004404  max mem: 245
DINO loss: 6.71614408493042
DINO loss: 6.689775466918945
DINO loss: 6.761977195739746
DINO loss: 6.760632514953613
DINO loss: 6.758733749389648
DINO loss: 6.768181800842285
DINO loss: 6.748227119445801
DINO loss: 6.809887886047363
DINO loss: 6.776968002319336
DINO loss: 6.804823398590088
Epoch: [0]  [   1090/1303223]  eta: 20:28:46  lr: 0.000000  weight_decay: 0.040000  loss: 6.760633 (6.783740)  wd: 0.040000 (0.040000)  time: 0.054819  data: 0.004404  max mem: 245
DINO loss: 6.771967887878418
DINO loss: 6.817330837249756
DINO loss: 6.792612552642822
DINO loss: 6.825116157531738
DINO loss: 6.80812931060791
DINO loss: 6.794388771057129
DINO loss: 6.803206920623779
DINO loss: 6.7656145095825195
DINO loss: 6.821481704711914
DINO loss: 6.814677715301514
Epoch: [0]  [   1100/1303223]  eta: 20:28:23  lr: 0.000000  weight_decay: 0.040000  loss: 6.776968 (6.783901)  wd: 0.040000 (0.040000)  time: 0.054754  data: 0.004392  max mem: 245
DINO loss: 6.795967102050781
DINO loss: 6.604849338531494
DINO loss: 6.830995559692383
DINO loss: 6.780138969421387
DINO loss: 6.759210109710693
DINO loss: 6.73197078704834
DINO loss: 6.733928680419922
DINO loss: 6.781614780426025
DINO loss: 6.798206329345703
DINO loss: 6.742772102355957
Epoch: [0]  [   1110/1303223]  eta: 20:28:01  lr: 0.000000  weight_decay: 0.040000  loss: 6.792613 (6.783649)  wd: 0.040000 (0.040000)  time: 0.054762  data: 0.004395  max mem: 245
DINO loss: 6.7983856201171875
DINO loss: 6.776264190673828
DINO loss: 6.732922077178955
DINO loss: 6.8142194747924805
DINO loss: 6.786275863647461
DINO loss: 6.783586025238037
DINO loss: 6.816987037658691
DINO loss: 6.749500751495361
DINO loss: 6.835654258728027
DINO loss: 6.810458183288574
Epoch: [0]  [   1120/1303223]  eta: 20:27:40  lr: 0.000000  weight_decay: 0.040000  loss: 6.781615 (6.783710)  wd: 0.040000 (0.040000)  time: 0.054799  data: 0.004393  max mem: 245
DINO loss: 6.769598960876465
DINO loss: 6.794553756713867
DINO loss: 6.794097900390625
DINO loss: 6.759259223937988
DINO loss: 6.797578811645508
DINO loss: 6.840686798095703
DINO loss: 6.80155086517334
DINO loss: 6.788756370544434
DINO loss: 6.768604755401611
DINO loss: 6.796452522277832
Epoch: [0]  [   1130/1303223]  eta: 20:27:18  lr: 0.000000  weight_decay: 0.040000  loss: 6.794098 (6.783775)  wd: 0.040000 (0.040000)  time: 0.054785  data: 0.004388  max mem: 245
DINO loss: 6.752054691314697
DINO loss: 6.698198318481445
DINO loss: 6.744081497192383
DINO loss: 6.761752605438232
DINO loss: 6.686412811279297
DINO loss: 6.780411720275879
DINO loss: 6.774020671844482
DINO loss: 6.7422895431518555
DINO loss: 6.794689655303955
DINO loss: 6.769123077392578
Epoch: [0]  [   1140/1303223]  eta: 20:26:57  lr: 0.000000  weight_decay: 0.040000  loss: 6.769599 (6.783482)  wd: 0.040000 (0.040000)  time: 0.054727  data: 0.004392  max mem: 245
DINO loss: 6.7468132972717285
DINO loss: 6.756410598754883
DINO loss: 6.743279933929443
DINO loss: 6.829191207885742
DINO loss: 6.76288366317749
DINO loss: 6.719241142272949
DINO loss: 6.813408851623535
DINO loss: 6.762411117553711
DINO loss: 6.789770126342773
DINO loss: 6.78870964050293
Epoch: [0]  [   1150/1303223]  eta: 20:26:35  lr: 0.000000  weight_decay: 0.040000  loss: 6.761753 (6.783375)  wd: 0.040000 (0.040000)  time: 0.054702  data: 0.004398  max mem: 245
DINO loss: 6.775154113769531
DINO loss: 6.852512359619141
DINO loss: 6.80036735534668
DINO loss: 6.785569190979004
DINO loss: 6.691876411437988
DINO loss: 6.756257057189941
DINO loss: 6.729000091552734
DINO loss: 6.805539608001709
DINO loss: 6.782520771026611
DINO loss: 6.750091552734375
Epoch: [0]  [   1160/1303223]  eta: 20:26:15  lr: 0.000000  weight_decay: 0.040000  loss: 6.762884 (6.783285)  wd: 0.040000 (0.040000)  time: 0.054748  data: 0.004397  max mem: 245
DINO loss: 6.76552677154541
DINO loss: 6.835468292236328
DINO loss: 6.766239166259766
DINO loss: 6.73532247543335
DINO loss: 6.754389762878418
DINO loss: 6.761934757232666
DINO loss: 6.778275489807129
DINO loss: 6.795282363891602
DINO loss: 6.699858665466309
DINO loss: 6.781764507293701
Epoch: [0]  [   1170/1303223]  eta: 20:25:58  lr: 0.000000  weight_decay: 0.040000  loss: 6.766239 (6.783149)  wd: 0.040000 (0.040000)  time: 0.054877  data: 0.004389  max mem: 245
DINO loss: 6.727768421173096
DINO loss: 6.801215648651123
DINO loss: 6.654665946960449
DINO loss: 6.784748554229736
DINO loss: 6.741825103759766
DINO loss: 6.799929618835449
DINO loss: 6.710365295410156
DINO loss: 6.743086338043213
DINO loss: 6.726290702819824
DINO loss: 6.7735915184021
Epoch: [0]  [   1180/1303223]  eta: 20:25:38  lr: 0.000000  weight_decay: 0.040000  loss: 6.761935 (6.782838)  wd: 0.040000 (0.040000)  time: 0.054865  data: 0.004383  max mem: 245
DINO loss: 6.773885250091553
DINO loss: 6.768857002258301
DINO loss: 6.743907451629639
DINO loss: 6.7590179443359375
DINO loss: 6.734123229980469
DINO loss: 6.74265193939209
DINO loss: 6.800809860229492
DINO loss: 6.727311611175537
DINO loss: 6.730079174041748
DINO loss: 6.816596508026123
Epoch: [0]  [   1190/1303223]  eta: 20:25:19  lr: 0.000000  weight_decay: 0.040000  loss: 6.743086 (6.782644)  wd: 0.040000 (0.040000)  time: 0.054759  data: 0.004391  max mem: 245
DINO loss: 6.734447479248047
DINO loss: 6.79805326461792
DINO loss: 6.738387584686279
DINO loss: 6.758770942687988
DINO loss: 6.727784156799316
DINO loss: 6.748019695281982
DINO loss: 6.789704322814941
DINO loss: 6.675777912139893
DINO loss: 6.798516750335693
DINO loss: 6.766813278198242
Epoch: [0]  [   1200/1303223]  eta: 20:25:00  lr: 0.000000  weight_decay: 0.040000  loss: 6.748020 (6.782402)  wd: 0.040000 (0.040000)  time: 0.054774  data: 0.004385  max mem: 245
DINO loss: 6.770703315734863
DINO loss: 6.740528106689453
DINO loss: 6.740078449249268
DINO loss: 6.681461334228516
DINO loss: 6.740511894226074
DINO loss: 6.698699951171875
DINO loss: 6.731927871704102
DINO loss: 6.7736616134643555
DINO loss: 6.76144552230835
DINO loss: 6.75347900390625
Epoch: [0]  [   1210/1303223]  eta: 20:24:46  lr: 0.000000  weight_decay: 0.040000  loss: 6.740528 (6.782046)  wd: 0.040000 (0.040000)  time: 0.055005  data: 0.004378  max mem: 245
DINO loss: 6.769780158996582
DINO loss: 6.774129867553711
DINO loss: 6.766819477081299
DINO loss: 6.709964275360107
DINO loss: 6.722203254699707
DINO loss: 6.7562971115112305
DINO loss: 6.800585746765137
DINO loss: 6.762196063995361
DINO loss: 6.797697067260742
DINO loss: 6.696691513061523
Epoch: [0]  [   1220/1303223]  eta: 20:24:29  lr: 0.000000  weight_decay: 0.040000  loss: 6.753479 (6.781829)  wd: 0.040000 (0.040000)  time: 0.055037  data: 0.004394  max mem: 245
DINO loss: 6.642088413238525
DINO loss: 6.7604451179504395
DINO loss: 6.756826400756836
DINO loss: 6.755216121673584
DINO loss: 6.746931076049805
DINO loss: 6.723543167114258
DINO loss: 6.740287780761719
DINO loss: 6.752760410308838
DINO loss: 6.696407318115234
DINO loss: 6.768852710723877
Epoch: [0]  [   1230/1303223]  eta: 20:24:12  lr: 0.000000  weight_decay: 0.040000  loss: 6.755216 (6.781444)  wd: 0.040000 (0.040000)  time: 0.054862  data: 0.004410  max mem: 245
DINO loss: 6.752126693725586
DINO loss: 6.743792533874512
DINO loss: 6.738282680511475
DINO loss: 6.773809432983398
DINO loss: 6.752203941345215
DINO loss: 6.732547760009766
DINO loss: 6.811368942260742
DINO loss: 6.721342086791992
DINO loss: 6.77746057510376
DINO loss: 6.757183074951172
Epoch: [0]  [   1240/1303223]  eta: 20:23:58  lr: 0.000000  weight_decay: 0.040000  loss: 6.752127 (6.781239)  wd: 0.040000 (0.040000)  time: 0.055005  data: 0.004407  max mem: 245
DINO loss: 6.6787896156311035
DINO loss: 6.708163261413574
DINO loss: 6.703722953796387
DINO loss: 6.761795997619629
DINO loss: 6.7332658767700195
DINO loss: 6.733968734741211
DINO loss: 6.715836524963379
DINO loss: 6.787113189697266
DINO loss: 6.810604572296143
DINO loss: 6.708683013916016
Epoch: [0]  [   1250/1303223]  eta: 20:23:41  lr: 0.000000  weight_decay: 0.040000  loss: 6.738283 (6.780863)  wd: 0.040000 (0.040000)  time: 0.054987  data: 0.004405  max mem: 245
DINO loss: 6.7444257736206055
DINO loss: 6.772825241088867
DINO loss: 6.626120567321777
DINO loss: 6.730520725250244
DINO loss: 6.695248603820801
DINO loss: 6.711213111877441
DINO loss: 6.742799758911133
DINO loss: 6.755887031555176
DINO loss: 6.738678932189941
DINO loss: 6.693222522735596
Epoch: [0]  [   1260/1303223]  eta: 20:23:24  lr: 0.000000  weight_decay: 0.040000  loss: 6.730521 (6.780389)  wd: 0.040000 (0.040000)  time: 0.054848  data: 0.004409  max mem: 245
DINO loss: 6.715985298156738
DINO loss: 6.784961700439453
DINO loss: 6.806371688842773
DINO loss: 6.7559075355529785
DINO loss: 6.717595100402832
DINO loss: 6.784064292907715
DINO loss: 6.790437698364258
DINO loss: 6.7657976150512695
DINO loss: 6.764524459838867
DINO loss: 6.7148823738098145
Epoch: [0]  [   1270/1303223]  eta: 20:23:08  lr: 0.000000  weight_decay: 0.040000  loss: 6.742800 (6.780229)  wd: 0.040000 (0.040000)  time: 0.054852  data: 0.004397  max mem: 245
DINO loss: 6.783780574798584
DINO loss: 6.70151948928833
DINO loss: 6.787662029266357
DINO loss: 6.774909973144531
DINO loss: 6.759799957275391
DINO loss: 6.774234294891357
DINO loss: 6.744958877563477
DINO loss: 6.7735137939453125
DINO loss: 6.775326728820801
DINO loss: 6.692919731140137
Epoch: [0]  [   1280/1303223]  eta: 20:22:52  lr: 0.000000  weight_decay: 0.040000  loss: 6.765798 (6.780046)  wd: 0.040000 (0.040000)  time: 0.054819  data: 0.004394  max mem: 245
DINO loss: 6.799919128417969
DINO loss: 6.791342735290527
DINO loss: 6.806823253631592
DINO loss: 6.729397773742676
DINO loss: 6.7022199630737305
DINO loss: 6.738036155700684
DINO loss: 6.771263122558594
DINO loss: 6.7690839767456055
DINO loss: 6.704998016357422
DINO loss: 6.755414962768555
Epoch: [0]  [   1290/1303223]  eta: 20:22:35  lr: 0.000000  weight_decay: 0.040000  loss: 6.769084 (6.779867)  wd: 0.040000 (0.040000)  time: 0.054805  data: 0.004401  max mem: 245
DINO loss: 6.81820821762085
DINO loss: 6.781158924102783
DINO loss: 6.799824237823486
DINO loss: 6.753489971160889
DINO loss: 6.7607421875
DINO loss: 6.750391006469727
DINO loss: 6.724602699279785
DINO loss: 6.8183746337890625
DINO loss: 6.765114784240723
DINO loss: 6.814114570617676
Epoch: [0]  [   1300/1303223]  eta: 20:22:20  lr: 0.000000  weight_decay: 0.040000  loss: 6.765115 (6.779857)  wd: 0.040000 (0.040000)  time: 0.054848  data: 0.004403  max mem: 245
DINO loss: 6.75662899017334
DINO loss: 6.763941764831543
DINO loss: 6.769516944885254
DINO loss: 6.774251937866211
DINO loss: 6.793879508972168
DINO loss: 6.707857131958008
DINO loss: 6.758306980133057
DINO loss: 6.773962020874023
DINO loss: 6.760958194732666
DINO loss: 6.759032726287842
Epoch: [0]  [   1310/1303223]  eta: 20:22:04  lr: 0.000000  weight_decay: 0.040000  loss: 6.763942 (6.779719)  wd: 0.040000 (0.040000)  time: 0.054813  data: 0.004401  max mem: 245
DINO loss: 6.687274932861328
DINO loss: 6.79984188079834
DINO loss: 6.789031982421875
DINO loss: 6.769557476043701
DINO loss: 6.779833793640137
DINO loss: 6.732346057891846
DINO loss: 6.742600440979004
DINO loss: 6.78623104095459
DINO loss: 6.68259859085083
DINO loss: 6.719164848327637
Epoch: [0]  [   1320/1303223]  eta: 20:21:48  lr: 0.000000  weight_decay: 0.040000  loss: 6.760958 (6.779486)  wd: 0.040000 (0.040000)  time: 0.054739  data: 0.004406  max mem: 245
DINO loss: 6.738259315490723
DINO loss: 6.741008758544922
DINO loss: 6.7998881340026855
DINO loss: 6.662424087524414
DINO loss: 6.771623611450195
DINO loss: 6.754679203033447
DINO loss: 6.7722554206848145
DINO loss: 6.745896339416504
DINO loss: 6.759408950805664
DINO loss: 6.7398529052734375
Epoch: [0]  [   1330/1303223]  eta: 20:21:32  lr: 0.000000  weight_decay: 0.040000  loss: 6.745896 (6.779253)  wd: 0.040000 (0.040000)  time: 0.054735  data: 0.004404  max mem: 245
DINO loss: 6.79708194732666
DINO loss: 6.7523193359375
DINO loss: 6.755046844482422
DINO loss: 6.763127326965332
DINO loss: 6.753643035888672
DINO loss: 6.71347713470459
DINO loss: 6.742425918579102
DINO loss: 6.776538848876953
DINO loss: 6.793984413146973
DINO loss: 6.737552165985107
Epoch: [0]  [   1340/1303223]  eta: 20:21:17  lr: 0.000000  weight_decay: 0.040000  loss: 6.753643 (6.779098)  wd: 0.040000 (0.040000)  time: 0.054798  data: 0.004404  max mem: 245
DINO loss: 6.747496604919434
DINO loss: 6.784359455108643
DINO loss: 6.779675483703613
DINO loss: 6.779804229736328
DINO loss: 6.604986190795898
DINO loss: 6.73805046081543
DINO loss: 6.67319393157959
DINO loss: 6.744319915771484
DINO loss: 6.718343257904053
DINO loss: 6.702813148498535
Epoch: [0]  [   1350/1303223]  eta: 20:21:02  lr: 0.000000  weight_decay: 0.040000  loss: 6.747497 (6.778715)  wd: 0.040000 (0.040000)  time: 0.054827  data: 0.004411  max mem: 245
DINO loss: 6.801716327667236
DINO loss: 6.7848310470581055
DINO loss: 6.784482479095459
DINO loss: 6.753000259399414
DINO loss: 6.746836185455322
DINO loss: 6.779372215270996
DINO loss: 6.798317909240723
DINO loss: 6.744012832641602
DINO loss: 6.770708084106445
DINO loss: 6.770672798156738
Epoch: [0]  [   1360/1303223]  eta: 20:20:48  lr: 0.000000  weight_decay: 0.040000  loss: 6.753000 (6.778676)  wd: 0.040000 (0.040000)  time: 0.054793  data: 0.004420  max mem: 245
DINO loss: 6.759514331817627
DINO loss: 6.783753395080566
DINO loss: 6.774286270141602
DINO loss: 6.750339508056641
DINO loss: 6.752795696258545
DINO loss: 6.734624862670898
DINO loss: 6.71405029296875
DINO loss: 6.7617268562316895
DINO loss: 6.78601598739624
DINO loss: 6.756477355957031
Epoch: [0]  [   1370/1303223]  eta: 20:20:33  lr: 0.000000  weight_decay: 0.040000  loss: 6.761727 (6.778521)  wd: 0.040000 (0.040000)  time: 0.054779  data: 0.004423  max mem: 245
DINO loss: 6.740031719207764
DINO loss: 6.78104829788208
DINO loss: 6.742812633514404
DINO loss: 6.764805793762207
DINO loss: 6.724521160125732
DINO loss: 6.739206314086914
DINO loss: 6.728470802307129
DINO loss: 6.791735649108887
DINO loss: 6.738344669342041
DINO loss: 6.728897571563721
Epoch: [0]  [   1380/1303223]  eta: 20:20:18  lr: 0.000000  weight_decay: 0.040000  loss: 6.750340 (6.778299)  wd: 0.040000 (0.040000)  time: 0.054765  data: 0.004404  max mem: 245
DINO loss: 6.758047103881836
DINO loss: 6.763375282287598
DINO loss: 6.695430755615234
DINO loss: 6.715677261352539
DINO loss: 6.675725936889648
DINO loss: 6.735976219177246
DINO loss: 6.769137382507324
DINO loss: 6.711821556091309
DINO loss: 6.757458686828613
DINO loss: 6.804183483123779
Epoch: [0]  [   1390/1303223]  eta: 20:20:04  lr: 0.000000  weight_decay: 0.040000  loss: 6.739206 (6.778015)  wd: 0.040000 (0.040000)  time: 0.054758  data: 0.004407  max mem: 245
DINO loss: 6.649852752685547
DINO loss: 6.755983352661133
DINO loss: 6.739596843719482
DINO loss: 6.745148658752441
DINO loss: 6.752561569213867
DINO loss: 6.700581073760986
DINO loss: 6.712701797485352
DINO loss: 6.714776992797852
DINO loss: 6.724234104156494
DINO loss: 6.725708961486816
Epoch: [0]  [   1400/1303223]  eta: 20:19:50  lr: 0.000000  weight_decay: 0.040000  loss: 6.725709 (6.777616)  wd: 0.040000 (0.040000)  time: 0.054768  data: 0.004416  max mem: 245
DINO loss: 6.724575042724609
DINO loss: 6.720375061035156
DINO loss: 6.692483425140381
DINO loss: 6.7184834480285645
DINO loss: 6.742082118988037
DINO loss: 6.773919105529785
DINO loss: 6.749783515930176
DINO loss: 6.774933815002441
DINO loss: 6.6270904541015625
DINO loss: 6.702594757080078
Epoch: [0]  [   1410/1303223]  eta: 20:19:35  lr: 0.000000  weight_decay: 0.040000  loss: 6.724234 (6.777226)  wd: 0.040000 (0.040000)  time: 0.054750  data: 0.004400  max mem: 245
DINO loss: 6.7565789222717285
DINO loss: 6.769965171813965
DINO loss: 6.700491905212402
DINO loss: 6.713541507720947
DINO loss: 6.7258806228637695
DINO loss: 6.7355852127075195
DINO loss: 6.6097822189331055
DINO loss: 6.755158424377441
DINO loss: 6.751108169555664
DINO loss: 6.705183029174805
Epoch: [0]  [   1420/1303223]  eta: 20:19:21  lr: 0.000000  weight_decay: 0.040000  loss: 6.724575 (6.776840)  wd: 0.040000 (0.040000)  time: 0.054723  data: 0.004395  max mem: 245
DINO loss: 6.698118209838867
DINO loss: 6.717144966125488
DINO loss: 6.753140926361084
DINO loss: 6.774103164672852
DINO loss: 6.7494354248046875
DINO loss: 6.764474391937256
DINO loss: 6.737964630126953
DINO loss: 6.755623817443848
DINO loss: 6.723182678222656
DINO loss: 6.689664840698242
Epoch: [0]  [   1430/1303223]  eta: 20:19:08  lr: 0.000000  weight_decay: 0.040000  loss: 6.735585 (6.776556)  wd: 0.040000 (0.040000)  time: 0.054758  data: 0.004405  max mem: 245
DINO loss: 6.761589527130127
DINO loss: 6.674995422363281
DINO loss: 6.694343566894531
DINO loss: 6.681657791137695
DINO loss: 6.798262119293213
DINO loss: 6.782184600830078
DINO loss: 6.766108512878418
DINO loss: 6.784952163696289
DINO loss: 6.733984470367432
DINO loss: 6.745409965515137
Epoch: [0]  [   1440/1303223]  eta: 20:18:54  lr: 0.000000  weight_decay: 0.040000  loss: 6.745410 (6.776319)  wd: 0.040000 (0.040000)  time: 0.054764  data: 0.004405  max mem: 245
DINO loss: 6.693696022033691
DINO loss: 6.721063613891602
DINO loss: 6.776219844818115
DINO loss: 6.758279800415039
DINO loss: 6.761961460113525
DINO loss: 6.774511814117432
DINO loss: 6.784980773925781
DINO loss: 6.796698570251465
DINO loss: 6.780755043029785
DINO loss: 6.762457847595215
Epoch: [0]  [   1450/1303223]  eta: 20:18:41  lr: 0.000000  weight_decay: 0.040000  loss: 6.761961 (6.776214)  wd: 0.040000 (0.040000)  time: 0.054759  data: 0.004402  max mem: 245
DINO loss: 6.762060165405273
DINO loss: 6.666276931762695
DINO loss: 6.745926380157471
DINO loss: 6.748238563537598
DINO loss: 6.767148971557617
DINO loss: 6.7330241203308105
DINO loss: 6.767308235168457
DINO loss: 6.738194465637207
DINO loss: 6.7372541427612305
DINO loss: 6.73651123046875
Epoch: [0]  [   1460/1303223]  eta: 20:18:27  lr: 0.000000  weight_decay: 0.040000  loss: 6.758280 (6.775967)  wd: 0.040000 (0.040000)  time: 0.054746  data: 0.004403  max mem: 245
DINO loss: 6.751860618591309
DINO loss: 6.750541687011719
DINO loss: 6.76409912109375
DINO loss: 6.751134872436523
DINO loss: 6.674743175506592
DINO loss: 6.7984819412231445
DINO loss: 6.743892192840576
DINO loss: 6.729312896728516
DINO loss: 6.685551166534424
DINO loss: 6.755373954772949
Epoch: [0]  [   1470/1303223]  eta: 20:18:15  lr: 0.000000  weight_decay: 0.040000  loss: 6.745926 (6.775726)  wd: 0.040000 (0.040000)  time: 0.054755  data: 0.004407  max mem: 245
DINO loss: 6.720447540283203
DINO loss: 6.759947776794434
DINO loss: 6.7364277839660645
DINO loss: 6.741080284118652
DINO loss: 6.717464447021484
DINO loss: 6.766314506530762
DINO loss: 6.726853370666504
DINO loss: 6.755473613739014
DINO loss: 6.733199119567871
DINO loss: 6.76908016204834
Epoch: [0]  [   1480/1303223]  eta: 20:18:02  lr: 0.000000  weight_decay: 0.040000  loss: 6.743892 (6.775503)  wd: 0.040000 (0.040000)  time: 0.054764  data: 0.004404  max mem: 245
DINO loss: 6.668861389160156
DINO loss: 6.770136833190918
DINO loss: 6.724993705749512
DINO loss: 6.75115442276001
DINO loss: 6.773358345031738
DINO loss: 6.724373817443848
DINO loss: 6.807794094085693
DINO loss: 6.7677388191223145
DINO loss: 6.6763014793396
DINO loss: 6.736498832702637
Epoch: [0]  [   1490/1303223]  eta: 20:17:49  lr: 0.000000  weight_decay: 0.040000  loss: 6.736499 (6.775265)  wd: 0.040000 (0.040000)  time: 0.054746  data: 0.004401  max mem: 245
DINO loss: 6.766336441040039
DINO loss: 6.758634567260742
DINO loss: 6.712332725524902
DINO loss: 6.72230863571167
DINO loss: 6.719511985778809
DINO loss: 6.730005264282227
DINO loss: 6.6609015464782715
DINO loss: 6.795502662658691
DINO loss: 6.6922383308410645
DINO loss: 6.743414878845215
Epoch: [0]  [   1500/1303223]  eta: 20:17:37  lr: 0.000000  weight_decay: 0.040000  loss: 6.730005 (6.774964)  wd: 0.040000 (0.040000)  time: 0.054787  data: 0.004417  max mem: 245
DINO loss: 6.756644248962402
DINO loss: 6.731611251831055
DINO loss: 6.692972660064697
DINO loss: 6.688838005065918
DINO loss: 6.666900157928467
DINO loss: 6.7412824630737305
DINO loss: 6.784145355224609
DINO loss: 6.682277679443359
DINO loss: 6.702226161956787
DINO loss: 6.7813615798950195
Epoch: [0]  [   1510/1303223]  eta: 20:17:25  lr: 0.000000  weight_decay: 0.040000  loss: 6.722309 (6.774619)  wd: 0.040000 (0.040000)  time: 0.054830  data: 0.004418  max mem: 245
DINO loss: 6.6954450607299805
DINO loss: 6.737642288208008
DINO loss: 6.743252754211426
DINO loss: 6.7427873611450195
DINO loss: 6.645457744598389
DINO loss: 6.702446937561035
DINO loss: 6.806522369384766
DINO loss: 6.758554458618164
DINO loss: 6.763230323791504
DINO loss: 6.694569110870361
Epoch: [0]  [   1520/1303223]  eta: 20:17:14  lr: 0.000000  weight_decay: 0.040000  loss: 6.731611 (6.774319)  wd: 0.040000 (0.040000)  time: 0.054820  data: 0.004407  max mem: 245
DINO loss: 6.786128997802734
DINO loss: 6.752016544342041
DINO loss: 6.748430252075195
DINO loss: 6.654117584228516
DINO loss: 6.772961616516113
DINO loss: 6.754790782928467
DINO loss: 6.739784240722656
DINO loss: 6.776534557342529
DINO loss: 6.708583831787109
DINO loss: 6.696510314941406
Epoch: [0]  [   1530/1303223]  eta: 20:17:02  lr: 0.000000  weight_decay: 0.040000  loss: 6.742787 (6.774089)  wd: 0.040000 (0.040000)  time: 0.054805  data: 0.004413  max mem: 245
DINO loss: 6.759183883666992
DINO loss: 6.752518177032471
DINO loss: 6.787295341491699
DINO loss: 6.755779266357422
DINO loss: 6.776081562042236
DINO loss: 6.784853458404541
DINO loss: 6.714117050170898
DINO loss: 6.751487731933594
DINO loss: 6.755986213684082
DINO loss: 6.726301193237305
Epoch: [0]  [   1540/1303223]  eta: 20:16:50  lr: 0.000000  weight_decay: 0.040000  loss: 6.752518 (6.773974)  wd: 0.040000 (0.040000)  time: 0.054771  data: 0.004410  max mem: 245
DINO loss: 6.814142227172852
DINO loss: 6.731833457946777
DINO loss: 6.784667015075684
DINO loss: 6.700789451599121
DINO loss: 6.757974624633789
DINO loss: 6.728416919708252
DINO loss: 6.743244647979736
DINO loss: 6.781421184539795
DINO loss: 6.761504173278809
DINO loss: 6.6977338790893555
Epoch: [0]  [   1550/1303223]  eta: 20:16:38  lr: 0.000000  weight_decay: 0.040000  loss: 6.755779 (6.773820)  wd: 0.040000 (0.040000)  time: 0.054759  data: 0.004401  max mem: 245
DINO loss: 6.667689323425293
DINO loss: 6.781162738800049
DINO loss: 6.787014961242676
DINO loss: 6.7022705078125
DINO loss: 6.7566118240356445
DINO loss: 6.782125473022461
DINO loss: 6.773176670074463
DINO loss: 6.713844299316406
DINO loss: 6.695810317993164
DINO loss: 6.7725653648376465
Epoch: [0]  [   1560/1303223]  eta: 20:16:27  lr: 0.000000  weight_decay: 0.040000  loss: 6.756612 (6.773624)  wd: 0.040000 (0.040000)  time: 0.054806  data: 0.004413  max mem: 245
DINO loss: 6.729525089263916
DINO loss: 6.724632263183594
DINO loss: 6.763872146606445
DINO loss: 6.727254867553711
DINO loss: 6.7028961181640625
DINO loss: 6.738231658935547
DINO loss: 6.729615688323975
DINO loss: 6.721291542053223
DINO loss: 6.772495269775391
DINO loss: 6.715200424194336
Epoch: [0]  [   1570/1303223]  eta: 20:16:17  lr: 0.000000  weight_decay: 0.040000  loss: 6.729525 (6.773362)  wd: 0.040000 (0.040000)  time: 0.054838  data: 0.004425  max mem: 245
DINO loss: 6.713290214538574
DINO loss: 6.723440170288086
DINO loss: 6.745635032653809
DINO loss: 6.747347831726074
DINO loss: 6.694156646728516
DINO loss: 6.707884311676025
DINO loss: 6.7931365966796875
DINO loss: 6.743221759796143
DINO loss: 6.74136209487915
DINO loss: 6.74867057800293
Epoch: [0]  [   1580/1303223]  eta: 20:16:06  lr: 0.000000  weight_decay: 0.040000  loss: 6.729525 (6.773125)  wd: 0.040000 (0.040000)  time: 0.054820  data: 0.004417  max mem: 245
DINO loss: 6.736651420593262
DINO loss: 6.721786975860596
DINO loss: 6.715522766113281
DINO loss: 6.783416748046875
DINO loss: 6.71601676940918
DINO loss: 6.7697296142578125
DINO loss: 6.715392112731934
DINO loss: 6.648669242858887
DINO loss: 6.659099578857422
DINO loss: 6.715191841125488
Epoch: [0]  [   1590/1303223]  eta: 20:15:55  lr: 0.000000  weight_decay: 0.040000  loss: 6.721787 (6.772779)  wd: 0.040000 (0.040000)  time: 0.054788  data: 0.004410  max mem: 245
DINO loss: 6.712705612182617
DINO loss: 6.755896091461182
DINO loss: 6.719453811645508
DINO loss: 6.742303848266602
DINO loss: 6.729175090789795
DINO loss: 6.774936676025391
DINO loss: 6.756367206573486
DINO loss: 6.756686210632324
DINO loss: 6.655989646911621
DINO loss: 6.753472328186035
Epoch: [0]  [   1600/1303223]  eta: 20:15:44  lr: 0.000000  weight_decay: 0.040000  loss: 6.721787 (6.772548)  wd: 0.040000 (0.040000)  time: 0.054788  data: 0.004411  max mem: 245
DINO loss: 6.779285430908203
DINO loss: 6.730715751647949
DINO loss: 6.715855598449707
DINO loss: 6.750696659088135
DINO loss: 6.814680576324463
DINO loss: 6.742251873016357
DINO loss: 6.7531232833862305
DINO loss: 6.7374467849731445
DINO loss: 6.731776237487793
DINO loss: 6.758080959320068
Epoch: [0]  [   1610/1303223]  eta: 20:15:33  lr: 0.000000  weight_decay: 0.040000  loss: 6.742304 (6.772416)  wd: 0.040000 (0.040000)  time: 0.054804  data: 0.004411  max mem: 245
DINO loss: 6.761641025543213
DINO loss: 6.769598007202148
DINO loss: 6.759610652923584
DINO loss: 6.752492904663086
DINO loss: 6.663122177124023
DINO loss: 6.69574499130249
DINO loss: 6.738882064819336
DINO loss: 6.7918219566345215
DINO loss: 6.666699409484863
DINO loss: 6.747967720031738
Epoch: [0]  [   1620/1303223]  eta: 20:15:23  lr: 0.000000  weight_decay: 0.040000  loss: 6.747968 (6.772184)  wd: 0.040000 (0.040000)  time: 0.054792  data: 0.004405  max mem: 245
DINO loss: 6.718442440032959
DINO loss: 6.715185642242432
DINO loss: 6.75932502746582
DINO loss: 6.678462028503418
DINO loss: 6.681107521057129
DINO loss: 6.772992134094238
DINO loss: 6.73176383972168
DINO loss: 6.713690280914307
DINO loss: 6.823259353637695
DINO loss: 6.7992730140686035
Epoch: [0]  [   1630/1303223]  eta: 20:15:12  lr: 0.000000  weight_decay: 0.040000  loss: 6.738882 (6.771983)  wd: 0.040000 (0.040000)  time: 0.054750  data: 0.004396  max mem: 245
DINO loss: 6.722829818725586
DINO loss: 6.772302627563477
DINO loss: 6.775525093078613
DINO loss: 6.753391265869141
DINO loss: 6.755681037902832
DINO loss: 6.812507629394531
DINO loss: 6.765466690063477
DINO loss: 6.778029441833496
DINO loss: 6.699939727783203
DINO loss: 6.752087593078613
Epoch: [0]  [   1640/1303223]  eta: 20:15:03  lr: 0.000000  weight_decay: 0.040000  loss: 6.753391 (6.771902)  wd: 0.040000 (0.040000)  time: 0.054849  data: 0.004410  max mem: 245
DINO loss: 6.777841567993164
DINO loss: 6.6995134353637695
DINO loss: 6.750912666320801
DINO loss: 6.706116199493408
DINO loss: 6.725392818450928
DINO loss: 6.6977643966674805
DINO loss: 6.656783103942871
DINO loss: 6.6839823722839355
DINO loss: 6.713018417358398
DINO loss: 6.687994956970215
Epoch: [0]  [   1650/1303223]  eta: 20:14:55  lr: 0.000000  weight_decay: 0.040000  loss: 6.725393 (6.771527)  wd: 0.040000 (0.040000)  time: 0.055005  data: 0.004417  max mem: 245
DINO loss: 6.750906944274902
DINO loss: 6.7677741050720215
DINO loss: 6.621613502502441
DINO loss: 6.730318546295166
DINO loss: 6.743938446044922
DINO loss: 6.765752792358398
DINO loss: 6.731389045715332
DINO loss: 6.710264205932617
DINO loss: 6.749078750610352
DINO loss: 6.753066539764404
Epoch: [0]  [   1660/1303223]  eta: 20:14:45  lr: 0.000000  weight_decay: 0.040000  loss: 6.725393 (6.771291)  wd: 0.040000 (0.040000)  time: 0.054957  data: 0.004412  max mem: 245
DINO loss: 6.7072906494140625
DINO loss: 6.690686225891113
DINO loss: 6.736489295959473
DINO loss: 6.757049083709717
DINO loss: 6.7229509353637695
DINO loss: 6.772577285766602
DINO loss: 6.743867874145508
DINO loss: 6.729389190673828
DINO loss: 6.755724906921387
DINO loss: 6.712797164916992
Epoch: [0]  [   1670/1303223]  eta: 20:14:36  lr: 0.000000  weight_decay: 0.040000  loss: 6.736489 (6.771062)  wd: 0.040000 (0.040000)  time: 0.054885  data: 0.004416  max mem: 245
DINO loss: 6.705435276031494
DINO loss: 6.7384352684021
DINO loss: 6.696957588195801
DINO loss: 6.693855285644531
DINO loss: 6.737137794494629
DINO loss: 6.7569684982299805
DINO loss: 6.766137599945068
DINO loss: 6.697247505187988
DINO loss: 6.723961353302002
DINO loss: 6.707461833953857
Epoch: [0]  [   1680/1303223]  eta: 20:14:27  lr: 0.000000  weight_decay: 0.040000  loss: 6.723961 (6.770772)  wd: 0.040000 (0.040000)  time: 0.054868  data: 0.004415  max mem: 245
DINO loss: 6.751154899597168
DINO loss: 6.764869689941406
DINO loss: 6.708640098571777
DINO loss: 6.666937828063965
DINO loss: 6.710816383361816
DINO loss: 6.76212215423584
DINO loss: 6.687111854553223
DINO loss: 6.752055644989014
DINO loss: 6.739035129547119
DINO loss: 6.690278053283691
Epoch: [0]  [   1690/1303223]  eta: 20:14:19  lr: 0.000000  weight_decay: 0.040000  loss: 6.710816 (6.770491)  wd: 0.040000 (0.040000)  time: 0.054942  data: 0.004414  max mem: 245
DINO loss: 6.782940864562988
DINO loss: 6.681660175323486
DINO loss: 6.776236534118652
DINO loss: 6.698340892791748
DINO loss: 6.672457695007324
DINO loss: 6.675702095031738
DINO loss: 6.707845211029053
DINO loss: 6.689363479614258
DINO loss: 6.746476173400879
DINO loss: 6.719147682189941
Epoch: [0]  [   1700/1303223]  eta: 20:14:10  lr: 0.000000  weight_decay: 0.040000  loss: 6.708640 (6.770165)  wd: 0.040000 (0.040000)  time: 0.054939  data: 0.004419  max mem: 245
DINO loss: 6.721786975860596
DINO loss: 6.690944671630859
DINO loss: 6.761533737182617
DINO loss: 6.696081638336182
DINO loss: 6.700831413269043
DINO loss: 6.730170726776123
DINO loss: 6.720304012298584
DINO loss: 6.665545463562012
DINO loss: 6.692300319671631
DINO loss: 6.748090744018555
Epoch: [0]  [   1710/1303223]  eta: 20:14:00  lr: 0.000000  weight_decay: 0.040000  loss: 6.700831 (6.769830)  wd: 0.040000 (0.040000)  time: 0.054829  data: 0.004422  max mem: 245
DINO loss: 6.674075126647949
DINO loss: 6.7046942710876465
DINO loss: 6.703726768493652
DINO loss: 6.713524341583252
DINO loss: 6.761773109436035
DINO loss: 6.689623832702637
DINO loss: 6.690510272979736
DINO loss: 6.732911109924316
DINO loss: 6.703827381134033
DINO loss: 6.699049472808838
Epoch: [0]  [   1720/1303223]  eta: 20:13:53  lr: 0.000000  weight_decay: 0.040000  loss: 6.703727 (6.769467)  wd: 0.040000 (0.040000)  time: 0.054957  data: 0.004420  max mem: 245
DINO loss: 6.729964733123779
DINO loss: 6.728994369506836
DINO loss: 6.590582847595215
DINO loss: 6.768383979797363
DINO loss: 6.760629177093506
DINO loss: 6.6545915603637695
DINO loss: 6.737940788269043
DINO loss: 6.680337905883789
DINO loss: 6.712923049926758
DINO loss: 6.749500751495361
Epoch: [0]  [   1730/1303223]  eta: 20:13:44  lr: 0.000000  weight_decay: 0.040000  loss: 6.704694 (6.769131)  wd: 0.040000 (0.040000)  time: 0.054947  data: 0.004416  max mem: 245
DINO loss: 6.760366439819336
DINO loss: 6.726676940917969
DINO loss: 6.746467590332031
DINO loss: 6.704774856567383
DINO loss: 6.700799942016602
DINO loss: 6.734156608581543
DINO loss: 6.745909690856934
DINO loss: 6.757845878601074
DINO loss: 6.745196342468262
DINO loss: 6.710466384887695
Epoch: [0]  [   1740/1303223]  eta: 20:13:35  lr: 0.000000  weight_decay: 0.040000  loss: 6.729965 (6.768925)  wd: 0.040000 (0.040000)  time: 0.054804  data: 0.004419  max mem: 245
DINO loss: 6.647090911865234
DINO loss: 6.762174129486084
DINO loss: 6.696627616882324
DINO loss: 6.743847846984863
DINO loss: 6.696900844573975
DINO loss: 6.71214485168457
DINO loss: 6.691814422607422
DINO loss: 6.671452522277832
DINO loss: 6.742201805114746
DINO loss: 6.739856719970703
Epoch: [0]  [   1750/1303223]  eta: 20:13:25  lr: 0.000000  weight_decay: 0.040000  loss: 6.726677 (6.768591)  wd: 0.040000 (0.040000)  time: 0.054779  data: 0.004421  max mem: 245
DINO loss: 6.586755752563477
DINO loss: 6.624997615814209
DINO loss: 6.71052360534668
DINO loss: 6.737138748168945
DINO loss: 6.684401035308838
DINO loss: 6.617130279541016
DINO loss: 6.620753765106201
DINO loss: 6.673157691955566
DINO loss: 6.679450035095215
DINO loss: 6.7086262702941895
Epoch: [0]  [   1760/1303223]  eta: 20:13:16  lr: 0.000000  weight_decay: 0.040000  loss: 6.691814 (6.767999)  wd: 0.040000 (0.040000)  time: 0.054741  data: 0.004407  max mem: 245
DINO loss: 6.695430278778076
DINO loss: 6.674928665161133
DINO loss: 6.754416465759277
DINO loss: 6.737908840179443
DINO loss: 6.714032173156738
DINO loss: 6.6819047927856445
DINO loss: 6.652520179748535
DINO loss: 6.727118492126465
DINO loss: 6.773776531219482
DINO loss: 6.68373966217041
Epoch: [0]  [   1770/1303223]  eta: 20:13:07  lr: 0.000000  weight_decay: 0.040000  loss: 6.683740 (6.767669)  wd: 0.040000 (0.040000)  time: 0.054780  data: 0.004411  max mem: 245
DINO loss: 6.750139236450195
DINO loss: 6.717504024505615
DINO loss: 6.758044719696045
DINO loss: 6.68044376373291
DINO loss: 6.739272594451904
DINO loss: 6.697257041931152
DINO loss: 6.682400703430176
DINO loss: 6.736026287078857
DINO loss: 6.596045970916748
DINO loss: 6.679831504821777
Epoch: [0]  [   1780/1303223]  eta: 20:12:58  lr: 0.000000  weight_decay: 0.040000  loss: 6.697257 (6.767310)  wd: 0.040000 (0.040000)  time: 0.054812  data: 0.004420  max mem: 245
DINO loss: 6.708662986755371
DINO loss: 6.725959777832031
DINO loss: 6.586935997009277
DINO loss: 6.690579414367676
DINO loss: 6.624218940734863
DINO loss: 6.734211444854736
DINO loss: 6.695664405822754
DINO loss: 6.660528659820557
DINO loss: 6.6600565910339355
DINO loss: 6.720089435577393
Epoch: [0]  [   1790/1303223]  eta: 20:12:49  lr: 0.000000  weight_decay: 0.040000  loss: 6.695664 (6.766826)  wd: 0.040000 (0.040000)  time: 0.054791  data: 0.004414  max mem: 245
DINO loss: 6.685441970825195
DINO loss: 6.689733028411865
DINO loss: 6.652805328369141
DINO loss: 6.702903747558594
DINO loss: 6.7236857414245605
DINO loss: 6.592061996459961
DINO loss: 6.685712814331055
DINO loss: 6.727018356323242
DINO loss: 6.7462944984436035
DINO loss: 6.725480079650879
Epoch: [0]  [   1800/1303223]  eta: 20:12:41  lr: 0.000000  weight_decay: 0.040000  loss: 6.690579 (6.766417)  wd: 0.040000 (0.040000)  time: 0.054789  data: 0.004405  max mem: 245
DINO loss: 6.677868843078613
DINO loss: 6.70085334777832
DINO loss: 6.7513251304626465
DINO loss: 6.735904693603516
DINO loss: 6.745863914489746
DINO loss: 6.743069171905518
DINO loss: 6.774500846862793
DINO loss: 6.719583511352539
DINO loss: 6.735527038574219
DINO loss: 6.720232009887695
Epoch: [0]  [   1810/1303223]  eta: 20:12:32  lr: 0.000000  weight_decay: 0.040000  loss: 6.720232 (6.766218)  wd: 0.040000 (0.040000)  time: 0.054814  data: 0.004414  max mem: 245
DINO loss: 6.645805358886719
DINO loss: 6.729002952575684
DINO loss: 6.736120223999023
DINO loss: 6.729663848876953
DINO loss: 6.729879379272461
DINO loss: 6.770685195922852
DINO loss: 6.71429443359375
DINO loss: 6.718106269836426
DINO loss: 6.69374942779541
DINO loss: 6.778508186340332
Epoch: [0]  [   1820/1303223]  eta: 20:12:24  lr: 0.000000  weight_decay: 0.040000  loss: 6.729664 (6.765990)  wd: 0.040000 (0.040000)  time: 0.054806  data: 0.004418  max mem: 245
DINO loss: 6.6876935958862305
DINO loss: 6.649466514587402
DINO loss: 6.745469093322754
DINO loss: 6.7293267250061035
DINO loss: 6.804561138153076
DINO loss: 6.794508934020996
DINO loss: 6.757181167602539
DINO loss: 6.647200584411621
DINO loss: 6.7238006591796875
DINO loss: 6.688776969909668
Epoch: [0]  [   1830/1303223]  eta: 20:12:15  lr: 0.000000  weight_decay: 0.040000  loss: 6.729003 (6.765754)  wd: 0.040000 (0.040000)  time: 0.054785  data: 0.004410  max mem: 245
DINO loss: 6.70811128616333
DINO loss: 6.754765510559082
DINO loss: 6.712456703186035
DINO loss: 6.688791275024414
DINO loss: 6.676783084869385
DINO loss: 6.689720630645752
DINO loss: 6.690185546875
DINO loss: 6.692592620849609
DINO loss: 6.711286544799805
DINO loss: 6.718016624450684
Epoch: [0]  [   1840/1303223]  eta: 20:12:07  lr: 0.000000  weight_decay: 0.040000  loss: 6.708111 (6.765420)  wd: 0.040000 (0.040000)  time: 0.054808  data: 0.004411  max mem: 245
DINO loss: 6.677672863006592
DINO loss: 6.695455551147461
DINO loss: 6.722019195556641
DINO loss: 6.626948356628418
DINO loss: 6.736729145050049
DINO loss: 6.699324607849121
DINO loss: 6.72418737411499
DINO loss: 6.7373948097229
DINO loss: 6.719045162200928
DINO loss: 6.72943115234375
Epoch: [0]  [   1850/1303223]  eta: 20:11:59  lr: 0.000000  weight_decay: 0.040000  loss: 6.708111 (6.765103)  wd: 0.040000 (0.040000)  time: 0.054802  data: 0.004413  max mem: 245
DINO loss: 6.723546981811523
DINO loss: 6.709203243255615
DINO loss: 6.755573749542236
DINO loss: 6.730407238006592
DINO loss: 6.730045318603516
DINO loss: 6.744566917419434
DINO loss: 6.700774192810059
DINO loss: 6.670126914978027
DINO loss: 6.589700698852539
DINO loss: 6.782377243041992
Epoch: [0]  [   1860/1303223]  eta: 20:11:51  lr: 0.000000  weight_decay: 0.040000  loss: 6.722019 (6.764827)  wd: 0.040000 (0.040000)  time: 0.054819  data: 0.004411  max mem: 245
DINO loss: 6.799467086791992
DINO loss: 6.656068801879883
DINO loss: 6.709327697753906
DINO loss: 6.753451347351074
DINO loss: 6.769313812255859
DINO loss: 6.677276134490967
DINO loss: 6.69767951965332
DINO loss: 6.64361047744751
DINO loss: 6.676598072052002
DINO loss: 6.72775411605835
Epoch: [0]  [   1870/1303223]  eta: 20:11:43  lr: 0.000000  weight_decay: 0.040000  loss: 6.709328 (6.764539)  wd: 0.040000 (0.040000)  time: 0.054809  data: 0.004401  max mem: 245
DINO loss: 6.705646514892578
DINO loss: 6.674673080444336
DINO loss: 6.710173606872559
DINO loss: 6.755512714385986
DINO loss: 6.696178436279297
DINO loss: 6.693857192993164
DINO loss: 6.667239189147949
DINO loss: 6.7302961349487305
DINO loss: 6.716606616973877
DINO loss: 6.7209577560424805
Epoch: [0]  [   1880/1303223]  eta: 20:11:35  lr: 0.000000  weight_decay: 0.040000  loss: 6.705647 (6.764234)  wd: 0.040000 (0.040000)  time: 0.054799  data: 0.004402  max mem: 245
DINO loss: 6.659524917602539
DINO loss: 6.633238792419434
DINO loss: 6.715167045593262
DINO loss: 6.650638580322266
DINO loss: 6.696158409118652
DINO loss: 6.680869102478027
DINO loss: 6.696102619171143
DINO loss: 6.757605075836182
DINO loss: 6.645921230316162
DINO loss: 6.742466926574707
Epoch: [0]  [   1890/1303223]  eta: 20:11:27  lr: 0.000000  weight_decay: 0.040000  loss: 6.696158 (6.763829)  wd: 0.040000 (0.040000)  time: 0.054810  data: 0.004410  max mem: 245
DINO loss: 6.716647148132324
DINO loss: 6.719911098480225
DINO loss: 6.68668270111084
DINO loss: 6.6995849609375
DINO loss: 6.764413833618164
DINO loss: 6.708585739135742
DINO loss: 6.666697025299072
DINO loss: 6.740065097808838
DINO loss: 6.658360481262207
DINO loss: 6.689774513244629
Epoch: [0]  [   1900/1303223]  eta: 20:11:20  lr: 0.000000  weight_decay: 0.040000  loss: 6.696103 (6.763520)  wd: 0.040000 (0.040000)  time: 0.054802  data: 0.004401  max mem: 245
DINO loss: 6.637978553771973
DINO loss: 6.699739456176758
DINO loss: 6.744825839996338
DINO loss: 6.715009689331055
DINO loss: 6.718914031982422
DINO loss: 6.691882610321045
DINO loss: 6.719752311706543
DINO loss: 6.7486419677734375
DINO loss: 6.699703693389893
DINO loss: 6.716042518615723
Epoch: [0]  [   1910/1303223]  eta: 20:11:12  lr: 0.000000  weight_decay: 0.040000  loss: 6.708586 (6.763236)  wd: 0.040000 (0.040000)  time: 0.054812  data: 0.004400  max mem: 245
DINO loss: 6.608270645141602
DINO loss: 6.717424392700195
DINO loss: 6.631011009216309
DINO loss: 6.638650894165039
DINO loss: 6.712347984313965
DINO loss: 6.652674674987793
DINO loss: 6.6560869216918945
DINO loss: 6.703929901123047
DINO loss: 6.67299222946167
DINO loss: 6.693760871887207
Epoch: [0]  [   1920/1303223]  eta: 20:11:05  lr: 0.000000  weight_decay: 0.040000  loss: 6.699704 (6.762744)  wd: 0.040000 (0.040000)  time: 0.054853  data: 0.004427  max mem: 245
DINO loss: 6.717169284820557
DINO loss: 6.714520454406738
DINO loss: 6.731622695922852
DINO loss: 6.67962646484375
DINO loss: 6.7572479248046875
DINO loss: 6.767123222351074
DINO loss: 6.635680198669434
DINO loss: 6.730526447296143
DINO loss: 6.7557878494262695
DINO loss: 6.738968849182129
Epoch: [0]  [   1930/1303223]  eta: 20:10:58  lr: 0.000000  weight_decay: 0.040000  loss: 6.703930 (6.762538)  wd: 0.040000 (0.040000)  time: 0.054889  data: 0.004433  max mem: 245
DINO loss: 6.74055814743042
DINO loss: 6.764928340911865
DINO loss: 6.726940631866455
DINO loss: 6.709267616271973
DINO loss: 6.747866630554199
DINO loss: 6.7142181396484375
DINO loss: 6.783288955688477
DINO loss: 6.592419147491455
DINO loss: 6.679736137390137
DINO loss: 6.713978290557861
Epoch: [0]  [   1940/1303223]  eta: 20:10:52  lr: 0.000000  weight_decay: 0.040000  loss: 6.726941 (6.762305)  wd: 0.040000 (0.040000)  time: 0.054951  data: 0.004415  max mem: 245
DINO loss: 6.717473983764648
DINO loss: 6.704104423522949
DINO loss: 6.780618190765381
DINO loss: 6.8083906173706055
DINO loss: 6.6616621017456055
DINO loss: 6.703411102294922
DINO loss: 6.769944190979004
DINO loss: 6.685909271240234
DINO loss: 6.757518768310547
DINO loss: 6.656770706176758
Epoch: [0]  [   1950/1303223]  eta: 20:10:44  lr: 0.000000  weight_decay: 0.040000  loss: 6.714218 (6.762111)  wd: 0.040000 (0.040000)  time: 0.054907  data: 0.004420  max mem: 245
DINO loss: 6.71848201751709
DINO loss: 6.671383857727051
DINO loss: 6.719945907592773
DINO loss: 6.722230911254883
DINO loss: 6.686194896697998
DINO loss: 6.719845771789551
DINO loss: 6.651884078979492
DINO loss: 6.737949371337891
DINO loss: 6.6913251876831055
DINO loss: 6.673348426818848
Epoch: [0]  [   1960/1303223]  eta: 20:10:38  lr: 0.000000  weight_decay: 0.040000  loss: 6.704104 (6.761791)  wd: 0.040000 (0.040000)  time: 0.054830  data: 0.004423  max mem: 245
DINO loss: 6.707033634185791
DINO loss: 6.694469451904297
DINO loss: 6.722585678100586
DINO loss: 6.646241188049316
DINO loss: 6.668601036071777
DINO loss: 6.718667030334473
DINO loss: 6.6623053550720215
DINO loss: 6.60709810256958
DINO loss: 6.692120552062988
DINO loss: 6.73189115524292
Epoch: [0]  [   1970/1303223]  eta: 20:10:30  lr: 0.000000  weight_decay: 0.040000  loss: 6.692121 (6.761402)  wd: 0.040000 (0.040000)  time: 0.054845  data: 0.004414  max mem: 245
DINO loss: 6.618714332580566
DINO loss: 6.716238498687744
DINO loss: 6.740740776062012
DINO loss: 6.6959381103515625
DINO loss: 6.670729637145996
DINO loss: 6.708797931671143
DINO loss: 6.658459663391113
DINO loss: 6.7324066162109375
DINO loss: 6.664407253265381
DINO loss: 6.77457332611084
Epoch: [0]  [   1980/1303223]  eta: 20:10:23  lr: 0.000000  weight_decay: 0.040000  loss: 6.694469 (6.761082)  wd: 0.040000 (0.040000)  time: 0.054835  data: 0.004410  max mem: 245
DINO loss: 6.731264591217041
DINO loss: 6.737534523010254
DINO loss: 6.706081867218018
DINO loss: 6.729235649108887
DINO loss: 6.707141876220703
DINO loss: 6.724490165710449
DINO loss: 6.742179870605469
DINO loss: 6.731130123138428
DINO loss: 6.6943254470825195
DINO loss: 6.642111778259277
Epoch: [0]  [   1990/1303223]  eta: 20:10:18  lr: 0.000000  weight_decay: 0.040000  loss: 6.708798 (6.760848)  wd: 0.040000 (0.040000)  time: 0.054957  data: 0.004421  max mem: 245
DINO loss: 6.710067272186279
DINO loss: 6.708962917327881
DINO loss: 6.656930923461914
DINO loss: 6.767016887664795
DINO loss: 6.703680038452148
DINO loss: 6.743056297302246
DINO loss: 6.68588924407959
DINO loss: 6.575505256652832
DINO loss: 6.748456954956055
DINO loss: 6.773455619812012
Epoch: [0]  [   2000/1303223]  eta: 20:10:11  lr: 0.000000  weight_decay: 0.040000  loss: 6.710067 (6.760581)  wd: 0.040000 (0.040000)  time: 0.054967  data: 0.004421  max mem: 245
DINO loss: 6.75543212890625
DINO loss: 6.675838947296143
DINO loss: 6.726469993591309
DINO loss: 6.677053451538086
DINO loss: 6.745623588562012
DINO loss: 6.760493278503418
DINO loss: 6.696278095245361
DINO loss: 6.689347267150879
DINO loss: 6.712926387786865
DINO loss: 6.812324047088623
Epoch: [0]  [   2010/1303223]  eta: 20:10:04  lr: 0.000000  weight_decay: 0.040000  loss: 6.710067 (6.760405)  wd: 0.040000 (0.040000)  time: 0.054846  data: 0.004412  max mem: 245
DINO loss: 6.686091423034668
DINO loss: 6.647282600402832
DINO loss: 6.726747035980225
DINO loss: 6.674655914306641
DINO loss: 6.724225044250488
DINO loss: 6.635101795196533
DINO loss: 6.665493965148926
DINO loss: 6.687335014343262
DINO loss: 6.657560348510742
DINO loss: 6.696876049041748
Epoch: [0]  [   2020/1303223]  eta: 20:09:58  lr: 0.000000  weight_decay: 0.040000  loss: 6.689347 (6.760008)  wd: 0.040000 (0.040000)  time: 0.054830  data: 0.004422  max mem: 245
DINO loss: 6.705754280090332
DINO loss: 6.661398887634277
DINO loss: 6.6639885902404785
DINO loss: 6.692130088806152
DINO loss: 6.669737815856934
DINO loss: 6.647129535675049
DINO loss: 6.666374683380127
DINO loss: 6.706815719604492
DINO loss: 6.712547779083252
DINO loss: 6.651765823364258
Epoch: [0]  [   2030/1303223]  eta: 20:09:52  lr: 0.000000  weight_decay: 0.040000  loss: 6.669738 (6.759603)  wd: 0.040000 (0.040000)  time: 0.054893  data: 0.004432  max mem: 245
DINO loss: 6.726268291473389
DINO loss: 6.738888263702393
DINO loss: 6.741057395935059
DINO loss: 6.634169578552246
DINO loss: 6.72765588760376
DINO loss: 6.728846549987793
DINO loss: 6.646378517150879
DINO loss: 6.720951080322266
DINO loss: 6.720337390899658
DINO loss: 6.809243679046631
Epoch: [0]  [   2040/1303223]  eta: 20:09:45  lr: 0.000000  weight_decay: 0.040000  loss: 6.705754 (6.759406)  wd: 0.040000 (0.040000)  time: 0.054903  data: 0.004431  max mem: 245
DINO loss: 6.753926753997803
DINO loss: 6.754914283752441
DINO loss: 6.652517318725586
DINO loss: 6.66080379486084
DINO loss: 6.729109764099121
DINO loss: 6.692955493927002
DINO loss: 6.697717666625977
DINO loss: 6.757774829864502
DINO loss: 6.7174553871154785
DINO loss: 6.691020965576172
Epoch: [0]  [   2050/1303223]  eta: 20:09:39  lr: 0.000000  weight_decay: 0.040000  loss: 6.720951 (6.759169)  wd: 0.040000 (0.040000)  time: 0.054839  data: 0.004424  max mem: 245
DINO loss: 6.726050853729248
DINO loss: 6.6896514892578125
DINO loss: 6.614477157592773
DINO loss: 6.660401344299316
DINO loss: 6.70244026184082
DINO loss: 6.690903663635254
DINO loss: 6.688083171844482
DINO loss: 6.722599506378174
DINO loss: 6.695499420166016
DINO loss: 6.713397979736328
Epoch: [0]  [   2060/1303223]  eta: 20:09:32  lr: 0.000000  weight_decay: 0.040000  loss: 6.695499 (6.758835)  wd: 0.040000 (0.040000)  time: 0.054836  data: 0.004431  max mem: 245
DINO loss: 6.760402679443359
DINO loss: 6.742423057556152
DINO loss: 6.707672119140625
DINO loss: 6.667543888092041
DINO loss: 6.63332986831665
DINO loss: 6.670833110809326
DINO loss: 6.749329090118408
DINO loss: 6.76019811630249
DINO loss: 6.769723892211914
DINO loss: 6.598079681396484
Epoch: [0]  [   2070/1303223]  eta: 20:09:27  lr: 0.000000  weight_decay: 0.040000  loss: 6.695499 (6.758580)  wd: 0.040000 (0.040000)  time: 0.054951  data: 0.004433  max mem: 245
DINO loss: 6.635237693786621
DINO loss: 6.6794915199279785
DINO loss: 6.681257724761963
DINO loss: 6.698480606079102
DINO loss: 6.640191555023193
DINO loss: 6.7147016525268555
DINO loss: 6.687851905822754
DINO loss: 6.708937168121338
DINO loss: 6.697274208068848
DINO loss: 6.651852607727051
Epoch: [0]  [   2080/1303223]  eta: 20:09:21  lr: 0.000000  weight_decay: 0.040000  loss: 6.687852 (6.758200)  wd: 0.040000 (0.040000)  time: 0.054989  data: 0.004435  max mem: 245
DINO loss: 6.756717205047607
DINO loss: 6.676775932312012
DINO loss: 6.707247734069824
DINO loss: 6.7003374099731445
DINO loss: 6.734713554382324
DINO loss: 6.760676860809326
DINO loss: 6.571301460266113
DINO loss: 6.718565940856934
DINO loss: 6.671794891357422
DINO loss: 6.708634376525879
Epoch: [0]  [   2090/1303223]  eta: 20:09:15  lr: 0.000000  weight_decay: 0.040000  loss: 6.697274 (6.757925)  wd: 0.040000 (0.040000)  time: 0.054894  data: 0.004439  max mem: 245
DINO loss: 6.731684684753418
DINO loss: 6.6606574058532715
DINO loss: 6.6577630043029785
DINO loss: 6.615994453430176
DINO loss: 6.682269096374512
DINO loss: 6.712827682495117
DINO loss: 6.671252250671387
DINO loss: 6.700033664703369
DINO loss: 6.676259994506836
DINO loss: 6.682419776916504
Epoch: [0]  [   2100/1303223]  eta: 20:09:09  lr: 0.000000  weight_decay: 0.040000  loss: 6.682420 (6.757549)  wd: 0.040000 (0.040000)  time: 0.054903  data: 0.004439  max mem: 245
DINO loss: 6.693055152893066
DINO loss: 6.775447845458984
DINO loss: 6.718177318572998
DINO loss: 6.6887288093566895
DINO loss: 6.676014423370361
DINO loss: 6.777549743652344
DINO loss: 6.689361572265625
DINO loss: 6.626120567321777
DINO loss: 6.652802467346191
DINO loss: 6.740426063537598
Epoch: [0]  [   2110/1303223]  eta: 20:09:03  lr: 0.000000  weight_decay: 0.040000  loss: 6.682420 (6.757295)  wd: 0.040000 (0.040000)  time: 0.054911  data: 0.004436  max mem: 245
DINO loss: 6.692889213562012
DINO loss: 6.7417402267456055
DINO loss: 6.7020792961120605
DINO loss: 6.681868553161621
DINO loss: 6.714408874511719
DINO loss: 6.682808876037598
DINO loss: 6.700290679931641
DINO loss: 6.690184116363525
DINO loss: 6.690711498260498
DINO loss: 6.734457969665527
Epoch: [0]  [   2120/1303223]  eta: 20:08:59  lr: 0.000000  weight_decay: 0.040000  loss: 6.692889 (6.757039)  wd: 0.040000 (0.040000)  time: 0.055022  data: 0.004445  max mem: 245
DINO loss: 6.7350053787231445
DINO loss: 6.574902057647705
DINO loss: 6.713343620300293
DINO loss: 6.71949577331543
DINO loss: 6.702065467834473
DINO loss: 6.665916919708252
DINO loss: 6.6700310707092285
DINO loss: 6.725553035736084
DINO loss: 6.692787170410156
DINO loss: 6.714941024780273
Epoch: [0]  [   2130/1303223]  eta: 20:08:52  lr: 0.000000  weight_decay: 0.040000  loss: 6.700291 (6.756731)  wd: 0.040000 (0.040000)  time: 0.054932  data: 0.004444  max mem: 245
DINO loss: 6.712430477142334
DINO loss: 6.685276985168457
DINO loss: 6.702956676483154
DINO loss: 6.684758186340332
DINO loss: 6.736078262329102
DINO loss: 6.644769668579102
DINO loss: 6.502334117889404
DINO loss: 6.683392524719238
DINO loss: 6.684096336364746
DINO loss: 6.661501884460449
Epoch: [0]  [   2140/1303223]  eta: 20:08:47  lr: 0.000000  weight_decay: 0.040000  loss: 6.685277 (6.756325)  wd: 0.040000 (0.040000)  time: 0.054806  data: 0.004438  max mem: 245
DINO loss: 6.647065162658691
DINO loss: 6.654031753540039
DINO loss: 6.6776933670043945
DINO loss: 6.718430995941162
DINO loss: 6.635268211364746
DINO loss: 6.685988426208496
DINO loss: 6.659765243530273
DINO loss: 6.682055473327637
DINO loss: 6.681177616119385
DINO loss: 6.66917610168457
Epoch: [0]  [   2150/1303223]  eta: 20:08:41  lr: 0.000000  weight_decay: 0.040000  loss: 6.681178 (6.755929)  wd: 0.040000 (0.040000)  time: 0.054894  data: 0.004441  max mem: 245
DINO loss: 6.634390830993652
DINO loss: 6.670825004577637
DINO loss: 6.655671119689941
DINO loss: 6.661618232727051
DINO loss: 6.712465286254883
DINO loss: 6.713682174682617
DINO loss: 6.601625442504883
DINO loss: 6.633457183837891
DINO loss: 6.62640905380249
DINO loss: 6.6871771812438965
Epoch: [0]  [   2160/1303223]  eta: 20:08:36  lr: 0.000000  weight_decay: 0.040000  loss: 6.661618 (6.755484)  wd: 0.040000 (0.040000)  time: 0.054951  data: 0.004439  max mem: 245
DINO loss: 6.710799694061279
DINO loss: 6.673184394836426
DINO loss: 6.677427768707275
DINO loss: 6.704188346862793
DINO loss: 6.6814117431640625
DINO loss: 6.652818202972412
DINO loss: 6.7077813148498535
DINO loss: 6.750967979431152
DINO loss: 6.672939300537109
DINO loss: 6.701733589172363
Epoch: [0]  [   2170/1303223]  eta: 20:08:30  lr: 0.000000  weight_decay: 0.040000  loss: 6.673184 (6.755197)  wd: 0.040000 (0.040000)  time: 0.054937  data: 0.004444  max mem: 245
DINO loss: 6.5246076583862305
DINO loss: 6.592657089233398
DINO loss: 6.578332424163818
DINO loss: 6.654782295227051
DINO loss: 6.704789161682129
DINO loss: 6.696744918823242
DINO loss: 6.703279495239258
DINO loss: 6.689569473266602
DINO loss: 6.543596267700195
DINO loss: 6.676492691040039
Epoch: [0]  [   2180/1303223]  eta: 20:08:24  lr: 0.000000  weight_decay: 0.040000  loss: 6.677428 (6.754653)  wd: 0.040000 (0.040000)  time: 0.054823  data: 0.004437  max mem: 245
DINO loss: 6.7013258934021
DINO loss: 6.660373210906982
DINO loss: 6.689009666442871
DINO loss: 6.684530735015869
DINO loss: 6.744040489196777
DINO loss: 6.744883060455322
DINO loss: 6.727020263671875
DINO loss: 6.654897212982178
DINO loss: 6.6373291015625
DINO loss: 6.68755578994751
Epoch: [0]  [   2190/1303223]  eta: 20:08:18  lr: 0.000000  weight_decay: 0.040000  loss: 6.684531 (6.754372)  wd: 0.040000 (0.040000)  time: 0.054820  data: 0.004433  max mem: 245
DINO loss: 6.70513916015625
DINO loss: 6.670095443725586
DINO loss: 6.715381622314453
DINO loss: 6.720139503479004
DINO loss: 6.65540885925293
DINO loss: 6.741970062255859
DINO loss: 6.526215076446533
DINO loss: 6.668448448181152
DINO loss: 6.700206756591797
DINO loss: 6.675190448760986
Epoch: [0]  [   2200/1303223]  eta: 20:08:13  lr: 0.000000  weight_decay: 0.040000  loss: 6.687556 (6.754024)  wd: 0.040000 (0.040000)  time: 0.054893  data: 0.004441  max mem: 245
DINO loss: 6.673792839050293
DINO loss: 6.651464939117432
DINO loss: 6.661346435546875
DINO loss: 6.694262504577637
DINO loss: 6.593532562255859
DINO loss: 6.731555938720703
DINO loss: 6.63343620300293
DINO loss: 6.649323463439941
DINO loss: 6.684013843536377
DINO loss: 6.61168909072876
Epoch: [0]  [   2210/1303223]  eta: 20:08:08  lr: 0.000000  weight_decay: 0.040000  loss: 6.670095 (6.753592)  wd: 0.040000 (0.040000)  time: 0.054933  data: 0.004449  max mem: 245
DINO loss: 6.685410499572754
DINO loss: 6.731330871582031
DINO loss: 6.54347038269043
DINO loss: 6.666821479797363
DINO loss: 6.696164131164551
DINO loss: 6.7408576011657715
DINO loss: 6.731266975402832
DINO loss: 6.700037002563477
DINO loss: 6.639769077301025
DINO loss: 6.652072906494141
Epoch: [0]  [   2220/1303223]  eta: 20:08:02  lr: 0.000000  weight_decay: 0.040000  loss: 6.666821 (6.753255)  wd: 0.040000 (0.040000)  time: 0.054867  data: 0.004446  max mem: 245
DINO loss: 6.713674068450928
DINO loss: 6.677219390869141
DINO loss: 6.581673622131348
DINO loss: 6.677845478057861
DINO loss: 6.780381679534912
DINO loss: 6.67764139175415
DINO loss: 6.680511951446533
DINO loss: 6.752155780792236
DINO loss: 6.724229335784912
DINO loss: 6.7305145263671875
Epoch: [0]  [   2230/1303223]  eta: 20:07:56  lr: 0.000000  weight_decay: 0.040000  loss: 6.685410 (6.753014)  wd: 0.040000 (0.040000)  time: 0.054817  data: 0.004447  max mem: 245
DINO loss: 6.693188190460205
DINO loss: 6.7266716957092285
DINO loss: 6.632956504821777
DINO loss: 6.577630996704102
DINO loss: 6.6216721534729
DINO loss: 6.663904190063477
DINO loss: 6.612992286682129
DINO loss: 6.659660339355469
DINO loss: 6.663414478302002
DINO loss: 6.69491720199585
Epoch: [0]  [   2240/1303223]  eta: 20:07:50  lr: 0.000000  weight_decay: 0.040000  loss: 6.677641 (6.752576)  wd: 0.040000 (0.040000)  time: 0.054823  data: 0.004446  max mem: 245
DINO loss: 6.702079772949219
DINO loss: 6.693314552307129
DINO loss: 6.606805801391602
DINO loss: 6.6228413581848145
DINO loss: 6.628576278686523
DINO loss: 6.653726100921631
DINO loss: 6.623645305633545
DINO loss: 6.584362030029297
DINO loss: 6.640811920166016
DINO loss: 6.627257347106934
Epoch: [0]  [   2250/1303223]  eta: 20:07:46  lr: 0.000000  weight_decay: 0.040000  loss: 6.632957 (6.752068)  wd: 0.040000 (0.040000)  time: 0.054910  data: 0.004435  max mem: 245
DINO loss: 6.6970977783203125
DINO loss: 6.725825309753418
DINO loss: 6.661006927490234
DINO loss: 6.675494194030762
DINO loss: 6.652124404907227
DINO loss: 6.628079414367676
DINO loss: 6.664823532104492
DINO loss: 6.691757678985596
DINO loss: 6.7200751304626465
DINO loss: 6.643426895141602
Epoch: [0]  [   2260/1303223]  eta: 20:07:40  lr: 0.000000  weight_decay: 0.040000  loss: 6.652124 (6.751732)  wd: 0.040000 (0.040000)  time: 0.054902  data: 0.004435  max mem: 245
DINO loss: 6.663952827453613
DINO loss: 6.681089401245117
DINO loss: 6.767372131347656
DINO loss: 6.639896392822266
DINO loss: 6.647770404815674
DINO loss: 6.774479389190674
DINO loss: 6.689796447753906
DINO loss: 6.69145393371582
DINO loss: 6.644280433654785
DINO loss: 6.594212532043457
Epoch: [0]  [   2270/1303223]  eta: 20:07:35  lr: 0.000000  weight_decay: 0.040000  loss: 6.664824 (6.751413)  wd: 0.040000 (0.040000)  time: 0.054842  data: 0.004445  max mem: 245
DINO loss: 6.762033462524414
DINO loss: 6.670062065124512
DINO loss: 6.656914710998535
DINO loss: 6.606682777404785
DINO loss: 6.725058078765869
DINO loss: 6.7624969482421875
DINO loss: 6.705689430236816
DINO loss: 6.763507843017578
DINO loss: 6.642281532287598
DINO loss: 6.682122230529785
Epoch: [0]  [   2280/1303223]  eta: 20:07:30  lr: 0.000000  weight_decay: 0.040000  loss: 6.681089 (6.751178)  wd: 0.040000 (0.040000)  time: 0.054873  data: 0.004442  max mem: 245
DINO loss: 6.658193588256836
DINO loss: 6.692318439483643
DINO loss: 6.515777587890625
DINO loss: 6.605041980743408
DINO loss: 6.680112361907959
DINO loss: 6.696892738342285
DINO loss: 6.6231794357299805
DINO loss: 6.651144027709961
DINO loss: 6.671590805053711
DINO loss: 6.692327499389648
Epoch: [0]  [   2290/1303223]  eta: 20:07:25  lr: 0.000000  weight_decay: 0.040000  loss: 6.671591 (6.750730)  wd: 0.040000 (0.040000)  time: 0.054947  data: 0.004444  max mem: 245
DINO loss: 6.52139949798584
DINO loss: 6.663782596588135
DINO loss: 6.689489841461182
DINO loss: 6.660240173339844
DINO loss: 6.691557884216309
DINO loss: 6.6142802238464355
DINO loss: 6.573696136474609
DINO loss: 6.6702141761779785
DINO loss: 6.652003288269043
DINO loss: 6.683069229125977
Epoch: [0]  [   2300/1303223]  eta: 20:07:20  lr: 0.000000  weight_decay: 0.040000  loss: 6.660240 (6.750257)  wd: 0.040000 (0.040000)  time: 0.054952  data: 0.004453  max mem: 245
DINO loss: 6.7181549072265625
DINO loss: 6.592653751373291
DINO loss: 6.6361403465271
DINO loss: 6.697455883026123
DINO loss: 6.69407844543457
DINO loss: 6.652050971984863
DINO loss: 6.712271690368652
DINO loss: 6.623697757720947
DINO loss: 6.652166366577148
DINO loss: 6.605934143066406
Epoch: [0]  [   2310/1303223]  eta: 20:07:15  lr: 0.000000  weight_decay: 0.040000  loss: 6.652166 (6.749860)  wd: 0.040000 (0.040000)  time: 0.054840  data: 0.004444  max mem: 245
DINO loss: 6.658207893371582
DINO loss: 6.677379608154297
DINO loss: 6.708660125732422
DINO loss: 6.632966041564941
DINO loss: 6.660804271697998
DINO loss: 6.6988444328308105
DINO loss: 6.698302268981934
DINO loss: 6.7010908126831055
DINO loss: 6.669646739959717
DINO loss: 6.654763698577881
Epoch: [0]  [   2320/1303223]  eta: 20:07:09  lr: 0.000000  weight_decay: 0.040000  loss: 6.660804 (6.749542)  wd: 0.040000 (0.040000)  time: 0.054816  data: 0.004434  max mem: 245
DINO loss: 6.715280532836914
DINO loss: 6.665493965148926
DINO loss: 6.702049732208252
DINO loss: 6.709915637969971
DINO loss: 6.721928596496582
DINO loss: 6.652510643005371
DINO loss: 6.645819664001465
DINO loss: 6.663598537445068
DINO loss: 6.7394609451293945
DINO loss: 6.697094917297363
Epoch: [0]  [   2330/1303223]  eta: 20:07:05  lr: 0.000000  weight_decay: 0.040000  loss: 6.677380 (6.749293)  wd: 0.040000 (0.040000)  time: 0.054902  data: 0.004493  max mem: 245
DINO loss: 6.724121570587158
DINO loss: 6.517836093902588
DINO loss: 6.678081035614014
DINO loss: 6.709073066711426
DINO loss: 6.696632385253906
DINO loss: 6.612066268920898
DINO loss: 6.609167575836182
DINO loss: 6.627388000488281
DINO loss: 6.687777996063232
DINO loss: 6.723834037780762
Epoch: [0]  [   2340/1303223]  eta: 20:07:00  lr: 0.000000  weight_decay: 0.040000  loss: 6.687778 (6.748905)  wd: 0.040000 (0.040000)  time: 0.054906  data: 0.004498  max mem: 245
DINO loss: 6.695425987243652
DINO loss: 6.682596683502197
DINO loss: 6.666171073913574
DINO loss: 6.671988487243652
DINO loss: 6.656692028045654
DINO loss: 6.63710880279541
DINO loss: 6.613677978515625
DINO loss: 6.66200065612793
DINO loss: 6.586422920227051
DINO loss: 6.683252334594727
Epoch: [0]  [   2350/1303223]  eta: 20:06:55  lr: 0.000000  weight_decay: 0.040000  loss: 6.666171 (6.748508)  wd: 0.040000 (0.040000)  time: 0.054851  data: 0.004438  max mem: 245
DINO loss: 6.6573381423950195
DINO loss: 6.652348041534424
DINO loss: 6.621696949005127
DINO loss: 6.661314010620117
DINO loss: 6.726240158081055
DINO loss: 6.719421863555908
DINO loss: 6.680191516876221
DINO loss: 6.566521167755127
DINO loss: 6.706153869628906
DINO loss: 6.646089553833008
Epoch: [0]  [   2360/1303223]  eta: 20:06:49  lr: 0.000000  weight_decay: 0.040000  loss: 6.661314 (6.748149)  wd: 0.040000 (0.040000)  time: 0.054852  data: 0.004434  max mem: 245
DINO loss: 6.672834396362305
DINO loss: 6.699548721313477
DINO loss: 6.57106876373291
DINO loss: 6.661230087280273
DINO loss: 6.64818000793457
DINO loss: 6.6781005859375
DINO loss: 6.615411281585693
DINO loss: 6.727778434753418
DINO loss: 6.732602119445801
DINO loss: 6.608119010925293
Epoch: [0]  [   2370/1303223]  eta: 20:06:45  lr: 0.000000  weight_decay: 0.040000  loss: 6.661230 (6.747783)  wd: 0.040000 (0.040000)  time: 0.054898  data: 0.004435  max mem: 245
DINO loss: 6.640620231628418
DINO loss: 6.688153266906738
DINO loss: 6.744229316711426
DINO loss: 6.676968097686768
DINO loss: 6.691497802734375
DINO loss: 6.647639274597168
DINO loss: 6.669747829437256
DINO loss: 6.721502304077148
DINO loss: 6.6139912605285645
DINO loss: 6.676997184753418
Epoch: [0]  [   2380/1303223]  eta: 20:06:40  lr: 0.000000  weight_decay: 0.040000  loss: 6.672834 (6.747487)  wd: 0.040000 (0.040000)  time: 0.054926  data: 0.004444  max mem: 245
DINO loss: 6.725185394287109
DINO loss: 6.646781921386719
DINO loss: 6.638829231262207
DINO loss: 6.687282085418701
DINO loss: 6.716575622558594
DINO loss: 6.722970962524414
DINO loss: 6.708343505859375
DINO loss: 6.706587791442871
DINO loss: 6.686575889587402
DINO loss: 6.684629440307617
Epoch: [0]  [   2390/1303223]  eta: 20:06:35  lr: 0.000000  weight_decay: 0.040000  loss: 6.686576 (6.747256)  wd: 0.040000 (0.040000)  time: 0.054887  data: 0.004440  max mem: 245
DINO loss: 6.642640113830566
DINO loss: 6.716854572296143
DINO loss: 6.649320602416992
DINO loss: 6.617005348205566
DINO loss: 6.596663475036621
DINO loss: 6.67632532119751
DINO loss: 6.652854919433594
DINO loss: 6.726067066192627
DINO loss: 6.652365684509277
DINO loss: 6.647762775421143
Epoch: [0]  [   2400/1303223]  eta: 20:06:31  lr: 0.000000  weight_decay: 0.040000  loss: 6.676325 (6.746884)  wd: 0.040000 (0.040000)  time: 0.054879  data: 0.004431  max mem: 245
DINO loss: 6.679529190063477
DINO loss: 6.645145416259766
DINO loss: 6.7224578857421875
DINO loss: 6.667969226837158
DINO loss: 6.671642303466797
DINO loss: 6.700394630432129
DINO loss: 6.711845874786377
DINO loss: 6.688602447509766
DINO loss: 6.669033050537109
DINO loss: 6.682830333709717
Epoch: [0]  [   2410/1303223]  eta: 20:06:26  lr: 0.000000  weight_decay: 0.040000  loss: 6.669033 (6.746622)  wd: 0.040000 (0.040000)  time: 0.054877  data: 0.004441  max mem: 245
DINO loss: 6.6159868240356445
DINO loss: 6.705170154571533
DINO loss: 6.6669535636901855
DINO loss: 6.624771595001221
DINO loss: 6.599689483642578
DINO loss: 6.586003303527832
DINO loss: 6.67747688293457
DINO loss: 6.529453277587891
DINO loss: 6.646672248840332
DINO loss: 6.6502790451049805
Epoch: [0]  [   2420/1303223]  eta: 20:06:23  lr: 0.000000  weight_decay: 0.040000  loss: 6.667969 (6.746142)  wd: 0.040000 (0.040000)  time: 0.055015  data: 0.004443  max mem: 245
DINO loss: 6.755668640136719
DINO loss: 6.640660285949707
DINO loss: 6.630258560180664
DINO loss: 6.557806491851807
DINO loss: 6.7066802978515625
DINO loss: 6.706245422363281
DINO loss: 6.686708927154541
DINO loss: 6.512838840484619
DINO loss: 6.687283515930176
DINO loss: 6.65955114364624
Epoch: [0]  [   2430/1303223]  eta: 20:06:18  lr: 0.000000  weight_decay: 0.040000  loss: 6.646672 (6.745764)  wd: 0.040000 (0.040000)  time: 0.055002  data: 0.004434  max mem: 245
DINO loss: 6.626323223114014
DINO loss: 6.643308162689209
DINO loss: 6.704420566558838
DINO loss: 6.649092674255371
DINO loss: 6.560169696807861
DINO loss: 6.629360675811768
DINO loss: 6.692469596862793
DINO loss: 6.685916423797607
DINO loss: 6.695537567138672
DINO loss: 6.6239013671875
Epoch: [0]  [   2440/1303223]  eta: 20:06:13  lr: 0.000000  weight_decay: 0.040000  loss: 6.649093 (6.745376)  wd: 0.040000 (0.040000)  time: 0.054874  data: 0.004443  max mem: 245
DINO loss: 6.743975639343262
DINO loss: 6.717700958251953
DINO loss: 6.610279083251953
DINO loss: 6.680749416351318
DINO loss: 6.613345146179199
DINO loss: 6.67665433883667
DINO loss: 6.550729751586914
DINO loss: 6.609936714172363
DINO loss: 6.650130271911621
DINO loss: 6.555624961853027
Epoch: [0]  [   2450/1303223]  eta: 20:06:09  lr: 0.000000  weight_decay: 0.040000  loss: 6.643308 (6.744950)  wd: 0.040000 (0.040000)  time: 0.054883  data: 0.004442  max mem: 245
DINO loss: 6.508058547973633
DINO loss: 6.664522171020508
DINO loss: 6.653469085693359
DINO loss: 6.698573589324951
DINO loss: 6.5439629554748535
DINO loss: 6.6980438232421875
DINO loss: 6.736941337585449
DINO loss: 6.668616771697998
DINO loss: 6.61451530456543
DINO loss: 6.641308307647705
Epoch: [0]  [   2460/1303223]  eta: 20:06:04  lr: 0.000000  weight_decay: 0.040000  loss: 6.650130 (6.744535)  wd: 0.040000 (0.040000)  time: 0.054886  data: 0.004431  max mem: 245
DINO loss: 6.603672504425049
DINO loss: 6.65928840637207
DINO loss: 6.61708927154541
DINO loss: 6.583049774169922
DINO loss: 6.712998867034912
DINO loss: 6.756049156188965
DINO loss: 6.688538551330566
DINO loss: 6.580165863037109
DINO loss: 6.619848251342773
DINO loss: 6.682593822479248
Epoch: [0]  [   2470/1303223]  eta: 20:06:00  lr: 0.000000  weight_decay: 0.040000  loss: 6.653469 (6.744154)  wd: 0.040000 (0.040000)  time: 0.054925  data: 0.004440  max mem: 245
DINO loss: 6.593589782714844
DINO loss: 6.620814800262451
DINO loss: 6.697421073913574
DINO loss: 6.6023783683776855
DINO loss: 6.546720504760742
DINO loss: 6.681400299072266
DINO loss: 6.654019355773926
DINO loss: 6.71750545501709
DINO loss: 6.638947486877441
DINO loss: 6.684487342834473
Epoch: [0]  [   2480/1303223]  eta: 20:05:56  lr: 0.000000  weight_decay: 0.040000  loss: 6.638947 (6.743749)  wd: 0.040000 (0.040000)  time: 0.054912  data: 0.004455  max mem: 245
DINO loss: 6.704416275024414
DINO loss: 6.5562262535095215
DINO loss: 6.63401985168457
DINO loss: 6.607662677764893
DINO loss: 6.698150634765625
DINO loss: 6.683560848236084
DINO loss: 6.5914506912231445
DINO loss: 6.682800769805908
DINO loss: 6.671499729156494
DINO loss: 6.614779472351074
Epoch: [0]  [   2490/1303223]  eta: 20:05:51  lr: 0.000000  weight_decay: 0.040000  loss: 6.638947 (6.743350)  wd: 0.040000 (0.040000)  time: 0.054860  data: 0.004450  max mem: 245
DINO loss: 6.6624250411987305
DINO loss: 6.705108642578125
DINO loss: 6.690142631530762
DINO loss: 6.611238956451416
DINO loss: 6.648620128631592
DINO loss: 6.641674995422363
DINO loss: 6.696465492248535
DINO loss: 6.688539028167725
DINO loss: 6.668829917907715
DINO loss: 6.697583198547363
Epoch: [0]  [   2500/1303223]  eta: 20:05:48  lr: 0.000000  weight_decay: 0.040000  loss: 6.668830 (6.743061)  wd: 0.040000 (0.040000)  time: 0.055013  data: 0.004508  max mem: 245
DINO loss: 6.694016456604004
DINO loss: 6.677156925201416
DINO loss: 6.681110382080078
DINO loss: 6.68400764465332
DINO loss: 6.630598068237305
DINO loss: 6.640315055847168
DINO loss: 6.7283172607421875
DINO loss: 6.695538520812988
DINO loss: 6.730950355529785
DINO loss: 6.651287078857422
Epoch: [0]  [   2510/1303223]  eta: 20:05:44  lr: 0.000000  weight_decay: 0.040000  loss: 6.681110 (6.742815)  wd: 0.040000 (0.040000)  time: 0.055041  data: 0.004510  max mem: 245
DINO loss: 6.744951248168945
DINO loss: 6.6867756843566895
DINO loss: 6.751038551330566
DINO loss: 6.627152442932129
DINO loss: 6.630959510803223
DINO loss: 6.707612991333008
DINO loss: 6.636634826660156
DINO loss: 6.644588470458984
DINO loss: 6.654149055480957
DINO loss: 6.662877082824707
Epoch: [0]  [   2520/1303223]  eta: 20:05:40  lr: 0.000000  weight_decay: 0.040000  loss: 6.677157 (6.742545)  wd: 0.040000 (0.040000)  time: 0.054906  data: 0.004448  max mem: 245
DINO loss: 6.587383270263672
DINO loss: 6.686429023742676
DINO loss: 6.706623554229736
DINO loss: 6.6953229904174805
DINO loss: 6.665302276611328
DINO loss: 6.6187591552734375
DINO loss: 6.68166446685791
DINO loss: 6.622310161590576
DINO loss: 6.67437744140625
DINO loss: 6.703729629516602
Epoch: [0]  [   2530/1303223]  eta: 20:05:35  lr: 0.000000  weight_decay: 0.040000  loss: 6.665302 (6.742236)  wd: 0.040000 (0.040000)  time: 0.054880  data: 0.004445  max mem: 245
DINO loss: 6.739069938659668
DINO loss: 6.559201240539551
DINO loss: 6.675398349761963
DINO loss: 6.661734580993652
DINO loss: 6.641117095947266
DINO loss: 6.6886420249938965
DINO loss: 6.731027603149414
DINO loss: 6.651294231414795
DINO loss: 6.621980667114258
DINO loss: 6.594400405883789
Epoch: [0]  [   2540/1303223]  eta: 20:05:31  lr: 0.000000  weight_decay: 0.040000  loss: 6.665302 (6.741898)  wd: 0.040000 (0.040000)  time: 0.054853  data: 0.004439  max mem: 245
DINO loss: 6.623480319976807
DINO loss: 6.678238868713379
DINO loss: 6.701929092407227
DINO loss: 6.594165325164795
DINO loss: 6.6888861656188965
DINO loss: 6.571556091308594
DINO loss: 6.594104290008545
DINO loss: 6.558443069458008
DINO loss: 6.680619239807129
DINO loss: 6.719289302825928
Epoch: [0]  [   2550/1303223]  eta: 20:05:28  lr: 0.000000  weight_decay: 0.040000  loss: 6.651294 (6.741502)  wd: 0.040000 (0.040000)  time: 0.054975  data: 0.004448  max mem: 245
DINO loss: 6.692537307739258
DINO loss: 6.690675258636475
DINO loss: 6.641909599304199
DINO loss: 6.633175849914551
DINO loss: 6.6543731689453125
DINO loss: 6.651700019836426
DINO loss: 6.73030948638916
DINO loss: 6.637923240661621
DINO loss: 6.583371639251709
DINO loss: 6.636198997497559
Epoch: [0]  [   2560/1303223]  eta: 20:05:23  lr: 0.000000  weight_decay: 0.040000  loss: 6.641910 (6.741166)  wd: 0.040000 (0.040000)  time: 0.055003  data: 0.004446  max mem: 245
DINO loss: 6.755570411682129
DINO loss: 6.6779680252075195
DINO loss: 6.703311920166016
DINO loss: 6.666773796081543
DINO loss: 6.62513542175293
DINO loss: 6.620524883270264
DINO loss: 6.654085636138916
DINO loss: 6.595728874206543
DINO loss: 6.59619140625
DINO loss: 6.5962748527526855
Epoch: [0]  [   2570/1303223]  eta: 20:05:19  lr: 0.000000  weight_decay: 0.040000  loss: 6.641910 (6.740808)  wd: 0.040000 (0.040000)  time: 0.054914  data: 0.004447  max mem: 245
DINO loss: 6.681358814239502
DINO loss: 6.5877180099487305
DINO loss: 6.658035755157471
DINO loss: 6.693061828613281
DINO loss: 6.641674041748047
DINO loss: 6.703761100769043
DINO loss: 6.596343040466309
DINO loss: 6.699183940887451
DINO loss: 6.660974025726318
DINO loss: 6.660958766937256
Epoch: [0]  [   2580/1303223]  eta: 20:05:15  lr: 0.000000  weight_decay: 0.040000  loss: 6.658036 (6.740488)  wd: 0.040000 (0.040000)  time: 0.054883  data: 0.004452  max mem: 245
DINO loss: 6.569847106933594
DINO loss: 6.6791582107543945
DINO loss: 6.641956329345703
DINO loss: 6.697603702545166
DINO loss: 6.6103901863098145
DINO loss: 6.619140148162842
DINO loss: 6.569589614868164
DINO loss: 6.693197250366211
DINO loss: 6.599724292755127
DINO loss: 6.6487884521484375
Epoch: [0]  [   2590/1303223]  eta: 20:05:12  lr: 0.000000  weight_decay: 0.040000  loss: 6.648788 (6.740073)  wd: 0.040000 (0.040000)  time: 0.054988  data: 0.004488  max mem: 245
DINO loss: 6.573375701904297
DINO loss: 6.621319770812988
DINO loss: 6.648052215576172
DINO loss: 6.6358208656311035
DINO loss: 6.5427565574646
DINO loss: 6.556358337402344
DINO loss: 6.712024211883545
DINO loss: 6.59375
DINO loss: 6.614702224731445
DINO loss: 6.6575517654418945
Epoch: [0]  [   2600/1303223]  eta: 20:05:08  lr: 0.000000  weight_decay: 0.040000  loss: 6.619140 (6.739594)  wd: 0.040000 (0.040000)  time: 0.054981  data: 0.004486  max mem: 245
DINO loss: 6.617629051208496
DINO loss: 6.599474906921387
DINO loss: 6.597444534301758
DINO loss: 6.693678379058838
DINO loss: 6.628031253814697
DINO loss: 6.597476482391357
DINO loss: 6.589997291564941
DINO loss: 6.72000789642334
DINO loss: 6.660434722900391
DINO loss: 6.616168975830078
Epoch: [0]  [   2610/1303223]  eta: 20:05:04  lr: 0.000000  weight_decay: 0.040000  loss: 6.616169 (6.739182)  wd: 0.040000 (0.040000)  time: 0.054850  data: 0.004441  max mem: 245
DINO loss: 6.713456153869629
DINO loss: 6.583374977111816
DINO loss: 6.714349269866943
DINO loss: 6.753780364990234
DINO loss: 6.719771385192871
DINO loss: 6.687195777893066
DINO loss: 6.677831649780273
DINO loss: 6.61415958404541
DINO loss: 6.66689920425415
DINO loss: 6.588811874389648
Epoch: [0]  [   2620/1303223]  eta: 20:04:59  lr: 0.000000  weight_decay: 0.040000  loss: 6.628031 (6.738926)  wd: 0.040000 (0.040000)  time: 0.054863  data: 0.004441  max mem: 245
DINO loss: 6.66234827041626
DINO loss: 6.591901779174805
DINO loss: 6.65170431137085
DINO loss: 6.679112434387207
DINO loss: 6.654993057250977
DINO loss: 6.570633411407471
DINO loss: 6.619744777679443
DINO loss: 6.581120014190674
DINO loss: 6.5908966064453125
DINO loss: 6.682908058166504
Epoch: [0]  [   2630/1303223]  eta: 20:04:56  lr: 0.000000  weight_decay: 0.040000  loss: 6.654993 (6.738506)  wd: 0.040000 (0.040000)  time: 0.054935  data: 0.004445  max mem: 245
DINO loss: 6.719118595123291
DINO loss: 6.655715465545654
DINO loss: 6.659177780151367
DINO loss: 6.6525373458862305
DINO loss: 6.648749828338623
DINO loss: 6.6706132888793945
DINO loss: 6.605208396911621
DINO loss: 6.639474868774414
DINO loss: 6.68656587600708
DINO loss: 6.695925712585449
Epoch: [0]  [   2640/1303223]  eta: 20:04:52  lr: 0.000000  weight_decay: 0.040000  loss: 6.652537 (6.738222)  wd: 0.040000 (0.040000)  time: 0.054941  data: 0.004445  max mem: 245
DINO loss: 6.560925006866455
DINO loss: 6.665943622589111
DINO loss: 6.48637580871582
DINO loss: 6.585694313049316
DINO loss: 6.599795341491699
DINO loss: 6.619441509246826
DINO loss: 6.69257926940918
DINO loss: 6.593137264251709
DINO loss: 6.53637170791626
DINO loss: 6.632463455200195
Epoch: [0]  [   2650/1303223]  eta: 20:04:48  lr: 0.000000  weight_decay: 0.040000  loss: 6.639475 (6.737690)  wd: 0.040000 (0.040000)  time: 0.054873  data: 0.004443  max mem: 245
DINO loss: 6.644440650939941
DINO loss: 6.56549072265625
DINO loss: 6.614097595214844
DINO loss: 6.561234474182129
DINO loss: 6.637213706970215
DINO loss: 6.701597690582275
DINO loss: 6.585017204284668
DINO loss: 6.649292945861816
DINO loss: 6.585272312164307
DINO loss: 6.638169288635254
Epoch: [0]  [   2660/1303223]  eta: 20:04:44  lr: 0.000000  weight_decay: 0.040000  loss: 6.599795 (6.737241)  wd: 0.040000 (0.040000)  time: 0.054871  data: 0.004448  max mem: 245
DINO loss: 6.611811637878418
DINO loss: 6.619104385375977
DINO loss: 6.6236162185668945
DINO loss: 6.684442520141602
DINO loss: 6.56610631942749
DINO loss: 6.590863227844238
DINO loss: 6.726864814758301
DINO loss: 6.676827430725098
DINO loss: 6.581669807434082
DINO loss: 6.600059509277344
Epoch: [0]  [   2670/1303223]  eta: 20:04:41  lr: 0.000000  weight_decay: 0.040000  loss: 6.614098 (6.736832)  wd: 0.040000 (0.040000)  time: 0.054950  data: 0.004447  max mem: 245
DINO loss: 6.573721885681152
DINO loss: 6.584078788757324
DINO loss: 6.627668380737305
DINO loss: 6.65223503112793
DINO loss: 6.642354488372803
DINO loss: 6.66629695892334
DINO loss: 6.642463684082031
DINO loss: 6.6188764572143555
DINO loss: 6.592400550842285
DINO loss: 6.691314220428467
Epoch: [0]  [   2680/1303223]  eta: 20:04:37  lr: 0.000000  weight_decay: 0.040000  loss: 6.619104 (6.736431)  wd: 0.040000 (0.040000)  time: 0.054954  data: 0.004447  max mem: 245
DINO loss: 6.491604804992676
DINO loss: 6.587316513061523
DINO loss: 6.610342979431152
DINO loss: 6.6321940422058105
DINO loss: 6.644589424133301
DINO loss: 6.573667526245117
DINO loss: 6.569782733917236
DINO loss: 6.609013557434082
DINO loss: 6.647040843963623
DINO loss: 6.618776798248291
Epoch: [0]  [   2690/1303223]  eta: 20:04:33  lr: 0.000000  weight_decay: 0.040000  loss: 6.618777 (6.735918)  wd: 0.040000 (0.040000)  time: 0.054909  data: 0.004461  max mem: 245
DINO loss: 6.636608123779297
DINO loss: 6.5852813720703125
DINO loss: 6.649400234222412
DINO loss: 6.592536926269531
DINO loss: 6.661215782165527
DINO loss: 6.573477745056152
DINO loss: 6.688409328460693
DINO loss: 6.7136640548706055
DINO loss: 6.7437028884887695
DINO loss: 6.649070739746094
Epoch: [0]  [   2700/1303223]  eta: 20:04:29  lr: 0.000000  weight_decay: 0.040000  loss: 6.618777 (6.735597)  wd: 0.040000 (0.040000)  time: 0.054922  data: 0.004461  max mem: 245
DINO loss: 6.674227714538574
DINO loss: 6.5735297203063965
DINO loss: 6.60111665725708
DINO loss: 6.621221542358398
DINO loss: 6.465561866760254
DINO loss: 6.476409912109375
DINO loss: 6.6629958152771
DINO loss: 6.642377853393555
DINO loss: 6.685210704803467
DINO loss: 6.689355850219727
Epoch: [0]  [   2710/1303223]  eta: 20:04:25  lr: 0.000000  weight_decay: 0.040000  loss: 6.642378 (6.735131)  wd: 0.040000 (0.040000)  time: 0.054880  data: 0.004446  max mem: 245
DINO loss: 6.6174774169921875
DINO loss: 6.68455696105957
DINO loss: 6.655058860778809
DINO loss: 6.623854637145996
DINO loss: 6.689998149871826
DINO loss: 6.556486129760742
DINO loss: 6.641217231750488
DINO loss: 6.526305198669434
DINO loss: 6.557602882385254
DINO loss: 6.576860427856445
Epoch: [0]  [   2720/1303223]  eta: 20:04:22  lr: 0.000000  weight_decay: 0.040000  loss: 6.621222 (6.734682)  wd: 0.040000 (0.040000)  time: 0.054920  data: 0.004452  max mem: 245
DINO loss: 6.594093322753906
DINO loss: 6.659775257110596
DINO loss: 6.643877983093262
DINO loss: 6.598750591278076
DINO loss: 6.6409807205200195
DINO loss: 6.641185760498047
DINO loss: 6.635909080505371
DINO loss: 6.691944122314453
DINO loss: 6.629846572875977
DINO loss: 6.609640121459961
Epoch: [0]  [   2730/1303223]  eta: 20:04:18  lr: 0.000000  weight_decay: 0.040000  loss: 6.629847 (6.734316)  wd: 0.040000 (0.040000)  time: 0.054958  data: 0.004460  max mem: 245
DINO loss: 6.616325378417969
DINO loss: 6.677009582519531
DINO loss: 6.647845268249512
DINO loss: 6.662302494049072
DINO loss: 6.611007213592529
DINO loss: 6.6805338859558105
DINO loss: 6.628830432891846
DINO loss: 6.64079475402832
DINO loss: 6.705846309661865
DINO loss: 6.665966987609863
Epoch: [0]  [   2740/1303223]  eta: 20:04:16  lr: 0.000000  weight_decay: 0.040000  loss: 6.640981 (6.734021)  wd: 0.040000 (0.040000)  time: 0.055022  data: 0.004455  max mem: 245
DINO loss: 6.447171211242676
DINO loss: 6.640630722045898
DINO loss: 6.572871685028076
DINO loss: 6.587806701660156
DINO loss: 6.6708784103393555
DINO loss: 6.695664882659912
DINO loss: 6.633764266967773
DINO loss: 6.567590713500977
DINO loss: 6.507943630218506
DINO loss: 6.590509414672852
Epoch: [0]  [   2750/1303223]  eta: 20:04:12  lr: 0.000000  weight_decay: 0.040000  loss: 6.633764 (6.733503)  wd: 0.040000 (0.040000)  time: 0.054996  data: 0.004453  max mem: 245
DINO loss: 6.668525695800781
DINO loss: 6.517311096191406
DINO loss: 6.670033931732178
DINO loss: 6.6547136306762695
DINO loss: 6.604073524475098
DINO loss: 6.577922344207764
DINO loss: 6.583086967468262
DINO loss: 6.646622657775879
DINO loss: 6.63932466506958
DINO loss: 6.637204170227051
Epoch: [0]  [   2760/1303223]  eta: 20:04:08  lr: 0.000000  weight_decay: 0.040000  loss: 6.604074 (6.733092)  wd: 0.040000 (0.040000)  time: 0.054877  data: 0.004454  max mem: 245
DINO loss: 6.551957130432129
DINO loss: 6.626938819885254
DINO loss: 6.690866470336914
DINO loss: 6.624745845794678
DINO loss: 6.687328815460205
DINO loss: 6.685233116149902
DINO loss: 6.563179016113281
DINO loss: 6.698134422302246
DINO loss: 6.653237342834473
DINO loss: 6.6630425453186035
Epoch: [0]  [   2770/1303223]  eta: 20:04:05  lr: 0.000000  weight_decay: 0.040000  loss: 6.639325 (6.732772)  wd: 0.040000 (0.040000)  time: 0.054911  data: 0.004458  max mem: 245
DINO loss: 6.607051849365234
DINO loss: 6.577706813812256
DINO loss: 6.6048173904418945
DINO loss: 6.580343246459961
DINO loss: 6.528088092803955
DINO loss: 6.481706619262695
DINO loss: 6.676715850830078
DINO loss: 6.62545108795166
DINO loss: 6.62773323059082
DINO loss: 6.633279323577881
Epoch: [0]  [   2780/1303223]  eta: 20:04:01  lr: 0.000000  weight_decay: 0.040000  loss: 6.625451 (6.732274)  wd: 0.040000 (0.040000)  time: 0.054904  data: 0.004451  max mem: 245
DINO loss: 6.548121929168701
DINO loss: 6.639404296875
DINO loss: 6.615764617919922
DINO loss: 6.621511459350586
DINO loss: 6.546428203582764
DINO loss: 6.63629150390625
DINO loss: 6.639375686645508
DINO loss: 6.5544819831848145
DINO loss: 6.665334701538086
DINO loss: 6.6473517417907715
Epoch: [0]  [   2790/1303223]  eta: 20:03:57  lr: 0.000000  weight_decay: 0.040000  loss: 6.615765 (6.731841)  wd: 0.040000 (0.040000)  time: 0.054888  data: 0.004443  max mem: 245
DINO loss: 6.4992780685424805
DINO loss: 6.548367977142334
DINO loss: 6.57463264465332
DINO loss: 6.660499095916748
DINO loss: 6.647672653198242
DINO loss: 6.648468971252441
DINO loss: 6.6243462562561035
DINO loss: 6.660799503326416
DINO loss: 6.5502424240112305
DINO loss: 6.5145263671875
Epoch: [0]  [   2800/1303223]  eta: 20:03:54  lr: 0.000000  weight_decay: 0.040000  loss: 6.621511 (6.731345)  wd: 0.040000 (0.040000)  time: 0.054913  data: 0.004456  max mem: 245
DINO loss: 6.618251800537109
DINO loss: 6.6180267333984375
DINO loss: 6.549295425415039
DINO loss: 6.603745460510254
DINO loss: 6.678168296813965
DINO loss: 6.638311386108398
DINO loss: 6.695309162139893
DINO loss: 6.536229133605957
DINO loss: 6.659184455871582
DINO loss: 6.617215156555176
Epoch: [0]  [   2810/1303223]  eta: 20:03:50  lr: 0.000000  weight_decay: 0.040000  loss: 6.618027 (6.730953)  wd: 0.040000 (0.040000)  time: 0.054908  data: 0.004455  max mem: 245
DINO loss: 6.6350202560424805
DINO loss: 6.503049850463867
DINO loss: 6.689927101135254
DINO loss: 6.647076606750488
DINO loss: 6.631924152374268
DINO loss: 6.57247257232666
DINO loss: 6.598299026489258
DINO loss: 6.693802833557129
DINO loss: 6.613917350769043
DINO loss: 6.557310104370117
Epoch: [0]  [   2820/1303223]  eta: 20:03:47  lr: 0.000000  weight_decay: 0.040000  loss: 6.618027 (6.730540)  wd: 0.040000 (0.040000)  time: 0.054892  data: 0.004446  max mem: 245
DINO loss: 6.5773701667785645
DINO loss: 6.5912981033325195
DINO loss: 6.622132301330566
DINO loss: 6.637397766113281
DINO loss: 6.634279727935791
DINO loss: 6.655024528503418
DINO loss: 6.558087348937988
DINO loss: 6.599239349365234
DINO loss: 6.614189147949219
DINO loss: 6.5435285568237305
Epoch: [0]  [   2830/1303223]  eta: 20:03:43  lr: 0.000000  weight_decay: 0.040000  loss: 6.613917 (6.730090)  wd: 0.040000 (0.040000)  time: 0.054905  data: 0.004447  max mem: 245
DINO loss: 6.582261085510254
DINO loss: 6.562919616699219
DINO loss: 6.477114677429199
DINO loss: 6.625850677490234
DINO loss: 6.680633544921875
DINO loss: 6.476435661315918
DINO loss: 6.601398944854736
DINO loss: 6.581299781799316
DINO loss: 6.646417140960693
DINO loss: 6.569614887237549
Epoch: [0]  [   2840/1303223]  eta: 20:03:40  lr: 0.000000  weight_decay: 0.040000  loss: 6.591298 (6.729563)  wd: 0.040000 (0.040000)  time: 0.054955  data: 0.004446  max mem: 245
DINO loss: 6.600588798522949
DINO loss: 6.65496826171875
DINO loss: 6.6470537185668945
DINO loss: 6.58840799331665
DINO loss: 6.635278224945068
DINO loss: 6.6779985427856445
DINO loss: 6.640593528747559
DINO loss: 6.72260856628418
DINO loss: 6.5416107177734375
DINO loss: 6.678236961364746
Epoch: [0]  [   2850/1303223]  eta: 20:03:37  lr: 0.000000  weight_decay: 0.040000  loss: 6.601399 (6.729245)  wd: 0.040000 (0.040000)  time: 0.054930  data: 0.004445  max mem: 245
DINO loss: 6.580644607543945
DINO loss: 6.6230340003967285
DINO loss: 6.639193058013916
DINO loss: 6.531842231750488
DINO loss: 6.626065731048584
DINO loss: 6.625495433807373
DINO loss: 6.659420013427734
DINO loss: 6.718920707702637
DINO loss: 6.636434555053711
DINO loss: 6.508411407470703
Epoch: [0]  [   2860/1303223]  eta: 20:03:33  lr: 0.000000  weight_decay: 0.040000  loss: 6.635278 (6.728845)  wd: 0.040000 (0.040000)  time: 0.054897  data: 0.004447  max mem: 245
DINO loss: 6.610233306884766
DINO loss: 6.5534820556640625
DINO loss: 6.568289756774902
DINO loss: 6.6311187744140625
DINO loss: 6.61102294921875
DINO loss: 6.5184807777404785
DINO loss: 6.643062591552734
DINO loss: 6.6150221824646
DINO loss: 6.635128974914551
DINO loss: 6.623257160186768
Epoch: [0]  [   2870/1303223]  eta: 20:03:30  lr: 0.000000  weight_decay: 0.040000  loss: 6.623034 (6.728400)  wd: 0.040000 (0.040000)  time: 0.054897  data: 0.004443  max mem: 245
DINO loss: 6.518723011016846
DINO loss: 6.63094425201416
DINO loss: 6.564735412597656
DINO loss: 6.522216796875
DINO loss: 6.665398597717285
DINO loss: 6.598128318786621
DINO loss: 6.552515029907227
DINO loss: 6.572774410247803
DINO loss: 6.578831672668457
DINO loss: 6.585470676422119
Epoch: [0]  [   2880/1303223]  eta: 20:03:26  lr: 0.000000  weight_decay: 0.040000  loss: 6.585471 (6.727881)  wd: 0.040000 (0.040000)  time: 0.054866  data: 0.004436  max mem: 245
DINO loss: 6.617012977600098
DINO loss: 6.586662292480469
DINO loss: 6.625141143798828
DINO loss: 6.597569942474365
DINO loss: 6.618122100830078
DINO loss: 6.664027214050293
DINO loss: 6.608819007873535
DINO loss: 6.543085098266602
DINO loss: 6.580283164978027
DINO loss: 6.513637542724609
Epoch: [0]  [   2890/1303223]  eta: 20:03:23  lr: 0.000000  weight_decay: 0.040000  loss: 6.585471 (6.727423)  wd: 0.040000 (0.040000)  time: 0.054878  data: 0.004435  max mem: 245
DINO loss: 6.530566692352295
DINO loss: 6.643056869506836
DINO loss: 6.635646820068359
DINO loss: 6.651698112487793
DINO loss: 6.67056941986084
DINO loss: 6.562175750732422
DINO loss: 6.598465919494629
DINO loss: 6.481440544128418
DINO loss: 6.5346479415893555
DINO loss: 6.611855506896973
Epoch: [0]  [   2900/1303223]  eta: 20:03:19  lr: 0.000000  weight_decay: 0.040000  loss: 6.598466 (6.726956)  wd: 0.040000 (0.040000)  time: 0.054900  data: 0.004446  max mem: 245
DINO loss: 6.568990707397461
DINO loss: 6.597658634185791
DINO loss: 6.6526689529418945
DINO loss: 6.5952558517456055
DINO loss: 6.623296737670898
DINO loss: 6.676959037780762
DINO loss: 6.678915977478027
DINO loss: 6.553985595703125
DINO loss: 6.607022285461426
DINO loss: 6.639972686767578
Epoch: [0]  [   2910/1303223]  eta: 20:03:16  lr: 0.000000  weight_decay: 0.040000  loss: 6.607022 (6.726587)  wd: 0.040000 (0.040000)  time: 0.054921  data: 0.004447  max mem: 245
DINO loss: 6.618825912475586
DINO loss: 6.702629089355469
DINO loss: 6.581751823425293
DINO loss: 6.613799095153809
DINO loss: 6.657157897949219
DINO loss: 6.622407913208008
DINO loss: 6.59147834777832
DINO loss: 6.648553848266602
DINO loss: 6.658390045166016
DINO loss: 6.635931015014648
Epoch: [0]  [   2920/1303223]  eta: 20:03:13  lr: 0.000000  weight_decay: 0.040000  loss: 6.622408 (6.726267)  wd: 0.040000 (0.040000)  time: 0.054883  data: 0.004435  max mem: 245
DINO loss: 6.605497360229492
DINO loss: 6.569552421569824
DINO loss: 6.661225318908691
DINO loss: 6.5987372398376465
DINO loss: 6.58441162109375
DINO loss: 6.542606353759766
DINO loss: 6.687763214111328
DINO loss: 6.613909721374512
DINO loss: 6.601820945739746
DINO loss: 6.640348434448242
Epoch: [0]  [   2930/1303223]  eta: 20:03:09  lr: 0.000000  weight_decay: 0.040000  loss: 6.613910 (6.725872)  wd: 0.040000 (0.040000)  time: 0.054886  data: 0.004438  max mem: 245
DINO loss: 6.593688011169434
DINO loss: 6.655384063720703
DINO loss: 6.674144744873047
DINO loss: 6.634559154510498
DINO loss: 6.610210418701172
DINO loss: 6.577311992645264
DINO loss: 6.5860795974731445
DINO loss: 6.6540937423706055
DINO loss: 6.513874530792236
DINO loss: 6.541382312774658
Epoch: [0]  [   2940/1303223]  eta: 20:03:06  lr: 0.000000  weight_decay: 0.040000  loss: 6.601821 (6.725458)  wd: 0.040000 (0.040000)  time: 0.054910  data: 0.004440  max mem: 245
DINO loss: 6.449532508850098
DINO loss: 6.66890287399292
DINO loss: 6.585146427154541
DINO loss: 6.618494033813477
DINO loss: 6.595328330993652
DINO loss: 6.540159225463867
DINO loss: 6.636897087097168
DINO loss: 6.570769786834717
DINO loss: 6.464593887329102
DINO loss: 6.60627555847168
Epoch: [0]  [   2950/1303223]  eta: 20:03:03  lr: 0.000000  weight_decay: 0.040000  loss: 6.593688 (6.724943)  wd: 0.040000 (0.040000)  time: 0.054885  data: 0.004440  max mem: 245
DINO loss: 6.5776686668396
DINO loss: 6.575478553771973
DINO loss: 6.492460250854492
DINO loss: 6.618040561676025
DINO loss: 6.65965461730957
DINO loss: 6.615806579589844
DINO loss: 6.6755170822143555
DINO loss: 6.659477710723877
DINO loss: 6.663315296173096
DINO loss: 6.537708759307861
Epoch: [0]  [   2960/1303223]  eta: 20:02:59  lr: 0.000000  weight_decay: 0.040000  loss: 6.595328 (6.724547)  wd: 0.040000 (0.040000)  time: 0.054884  data: 0.004443  max mem: 245
DINO loss: 6.642728805541992
DINO loss: 6.507494926452637
DINO loss: 6.657535552978516
DINO loss: 6.651512622833252
DINO loss: 6.637948989868164
DINO loss: 6.63808536529541
DINO loss: 6.609810829162598
DINO loss: 6.562677383422852
DINO loss: 6.667750358581543
DINO loss: 6.567805290222168
Epoch: [0]  [   2970/1303223]  eta: 20:02:56  lr: 0.000000  weight_decay: 0.040000  loss: 6.618041 (6.724176)  wd: 0.040000 (0.040000)  time: 0.054881  data: 0.004456  max mem: 245
DINO loss: 6.6116180419921875
DINO loss: 6.526406288146973
DINO loss: 6.587773323059082
DINO loss: 6.554998397827148
DINO loss: 6.539518356323242
DINO loss: 6.617365837097168
DINO loss: 6.596273422241211
DINO loss: 6.595039367675781
DINO loss: 6.579834938049316
DINO loss: 6.571773529052734
Epoch: [0]  [   2980/1303223]  eta: 20:02:53  lr: 0.000000  weight_decay: 0.040000  loss: 6.595039 (6.723686)  wd: 0.040000 (0.040000)  time: 0.054892  data: 0.004458  max mem: 245
DINO loss: 6.555632591247559
DINO loss: 6.607675552368164
DINO loss: 6.715932846069336
DINO loss: 6.6760711669921875
DINO loss: 6.6404266357421875
DINO loss: 6.5527448654174805
DINO loss: 6.684818267822266
DINO loss: 6.616466045379639
DINO loss: 6.604841709136963
DINO loss: 6.542070388793945
Epoch: [0]  [   2990/1303223]  eta: 20:02:50  lr: 0.000000  weight_decay: 0.040000  loss: 6.595039 (6.723338)  wd: 0.040000 (0.040000)  time: 0.054882  data: 0.004441  max mem: 245
DINO loss: 6.609508514404297
DINO loss: 6.599381446838379
DINO loss: 6.576341152191162
DINO loss: 6.529426574707031
DINO loss: 6.618226051330566
DINO loss: 6.534942626953125
DINO loss: 6.602715015411377
DINO loss: 6.590185165405273
DINO loss: 6.569905757904053
DINO loss: 6.566917419433594
Epoch: [0]  [   3000/1303223]  eta: 20:02:46  lr: 0.000000  weight_decay: 0.040000  loss: 6.599381 (6.722859)  wd: 0.040000 (0.040000)  time: 0.054875  data: 0.004447  max mem: 245
DINO loss: 6.499927520751953
DINO loss: 6.4523515701293945
DINO loss: 6.531396389007568
DINO loss: 6.627411365509033
DINO loss: 6.61918830871582
DINO loss: 6.570146560668945
DINO loss: 6.525289535522461
DINO loss: 6.594676971435547
DINO loss: 6.600712776184082
DINO loss: 6.619004249572754
Epoch: [0]  [   3010/1303223]  eta: 20:02:43  lr: 0.000000  weight_decay: 0.040000  loss: 6.576341 (6.722332)  wd: 0.040000 (0.040000)  time: 0.054877  data: 0.004447  max mem: 245
DINO loss: 6.5356669425964355
DINO loss: 6.571857452392578
DINO loss: 6.547229766845703
DINO loss: 6.47224235534668
DINO loss: 6.66635799407959
DINO loss: 6.5375800132751465
DINO loss: 6.639663219451904
DINO loss: 6.631644248962402
DINO loss: 6.6243672370910645
DINO loss: 6.544662952423096
Epoch: [0]  [   3020/1303223]  eta: 20:02:40  lr: 0.000000  weight_decay: 0.040000  loss: 6.570147 (6.721851)  wd: 0.040000 (0.040000)  time: 0.054880  data: 0.004436  max mem: 245
DINO loss: 6.6257123947143555
DINO loss: 6.570460796356201
DINO loss: 6.599881172180176
DINO loss: 6.59446907043457
DINO loss: 6.615920066833496
DINO loss: 6.530658721923828
DINO loss: 6.539374351501465
DINO loss: 6.586158752441406
DINO loss: 6.545905113220215
DINO loss: 6.598996162414551
Epoch: [0]  [   3030/1303223]  eta: 20:02:37  lr: 0.000000  weight_decay: 0.040000  loss: 6.571857 (6.721386)  wd: 0.040000 (0.040000)  time: 0.054877  data: 0.004443  max mem: 245
DINO loss: 6.600960731506348
DINO loss: 6.651269912719727
DINO loss: 6.48066520690918
DINO loss: 6.625541687011719
DINO loss: 6.621762275695801
DINO loss: 6.689669609069824
DINO loss: 6.585244178771973
DINO loss: 6.585244178771973
DINO loss: 6.5948262214660645
DINO loss: 6.511651515960693
Epoch: [0]  [   3040/1303223]  eta: 20:02:34  lr: 0.000000  weight_decay: 0.040000  loss: 6.594469 (6.720969)  wd: 0.040000 (0.040000)  time: 0.054898  data: 0.004450  max mem: 245
DINO loss: 6.567005157470703
DINO loss: 6.52581787109375
DINO loss: 6.575862407684326
DINO loss: 6.540868282318115
DINO loss: 6.6219987869262695
DINO loss: 6.6873297691345215
DINO loss: 6.509546279907227
DINO loss: 6.518746376037598
DINO loss: 6.609160423278809
DINO loss: 6.576903343200684
Epoch: [0]  [   3050/1303223]  eta: 20:02:30  lr: 0.000000  weight_decay: 0.040000  loss: 6.585244 (6.720485)  wd: 0.040000 (0.040000)  time: 0.054898  data: 0.004448  max mem: 245
DINO loss: 6.625411033630371
DINO loss: 6.624846935272217
DINO loss: 6.634230136871338
DINO loss: 6.561857223510742
DINO loss: 6.621549606323242
DINO loss: 6.637587547302246
DINO loss: 6.619024276733398
DINO loss: 6.555722236633301
DINO loss: 6.60361909866333
DINO loss: 6.532710075378418
Epoch: [0]  [   3060/1303223]  eta: 20:02:28  lr: 0.000000  weight_decay: 0.040000  loss: 6.576903 (6.720097)  wd: 0.040000 (0.040000)  time: 0.054920  data: 0.004497  max mem: 245
DINO loss: 6.470890522003174
DINO loss: 6.674725532531738
DINO loss: 6.612593650817871
DINO loss: 6.535678386688232
DINO loss: 6.477814197540283
DINO loss: 6.560096740722656
DINO loss: 6.623017311096191
DINO loss: 6.54014778137207
DINO loss: 6.513084411621094
DINO loss: 6.548675537109375
Epoch: [0]  [   3070/1303223]  eta: 20:02:25  lr: 0.000000  weight_decay: 0.040000  loss: 6.561857 (6.719561)  wd: 0.040000 (0.040000)  time: 0.054943  data: 0.004496  max mem: 245
DINO loss: 6.575013160705566
DINO loss: 6.546724319458008
DINO loss: 6.612205982208252
DINO loss: 6.59877872467041
DINO loss: 6.623117923736572
DINO loss: 6.596550464630127
DINO loss: 6.451213836669922
DINO loss: 6.560198783874512
DINO loss: 6.585063934326172
DINO loss: 6.6997294425964355
Epoch: [0]  [   3080/1303223]  eta: 20:02:22  lr: 0.000000  weight_decay: 0.040000  loss: 6.560199 (6.719124)  wd: 0.040000 (0.040000)  time: 0.054928  data: 0.004446  max mem: 245
DINO loss: 6.580071926116943
DINO loss: 6.586240768432617
DINO loss: 6.585325717926025
DINO loss: 6.598250389099121
DINO loss: 6.589969635009766
DINO loss: 6.576564788818359
DINO loss: 6.477401256561279
DINO loss: 6.509103775024414
DINO loss: 6.665945529937744
DINO loss: 6.573419570922852
Epoch: [0]  [   3090/1303223]  eta: 20:02:19  lr: 0.000000  weight_decay: 0.040000  loss: 6.585064 (6.718656)  wd: 0.040000 (0.040000)  time: 0.054916  data: 0.004438  max mem: 245
DINO loss: 6.485747814178467
DINO loss: 6.622958183288574
DINO loss: 6.552363395690918
DINO loss: 6.597916603088379
DINO loss: 6.6122918128967285
DINO loss: 6.57841682434082
DINO loss: 6.569082260131836
DINO loss: 6.545415878295898
DINO loss: 6.511286735534668
DINO loss: 6.704075813293457
Epoch: [0]  [   3100/1303223]  eta: 20:02:16  lr: 0.000000  weight_decay: 0.040000  loss: 6.578417 (6.718202)  wd: 0.040000 (0.040000)  time: 0.054968  data: 0.004445  max mem: 245
DINO loss: 6.559146404266357
DINO loss: 6.643031120300293
DINO loss: 6.522413730621338
DINO loss: 6.62077522277832
DINO loss: 6.542313575744629
DINO loss: 6.5584716796875
DINO loss: 6.546867370605469
DINO loss: 6.556488037109375
DINO loss: 6.678267955780029
DINO loss: 6.573351860046387
Epoch: [0]  [   3110/1303223]  eta: 20:02:13  lr: 0.000000  weight_decay: 0.040000  loss: 6.559146 (6.717758)  wd: 0.040000 (0.040000)  time: 0.054981  data: 0.004460  max mem: 245
DINO loss: 6.597497463226318
DINO loss: 6.56872034072876
DINO loss: 6.558042049407959
DINO loss: 6.5980224609375
DINO loss: 6.6109724044799805
DINO loss: 6.576909065246582
DINO loss: 6.577314853668213
DINO loss: 6.572262763977051
DINO loss: 6.571197509765625
DINO loss: 6.555503845214844
Epoch: [0]  [   3120/1303223]  eta: 20:02:10  lr: 0.000000  weight_decay: 0.040000  loss: 6.571198 (6.717312)  wd: 0.040000 (0.040000)  time: 0.054907  data: 0.004451  max mem: 245
DINO loss: 6.605515956878662
DINO loss: 6.569077014923096
DINO loss: 6.507174491882324
DINO loss: 6.539342403411865
DINO loss: 6.521963596343994
DINO loss: 6.561988830566406
DINO loss: 6.636488914489746
DINO loss: 6.430571556091309
DINO loss: 6.493230819702148
DINO loss: 6.545784950256348
Epoch: [0]  [   3130/1303223]  eta: 20:02:07  lr: 0.000000  weight_decay: 0.040000  loss: 6.568720 (6.716749)  wd: 0.040000 (0.040000)  time: 0.054888  data: 0.004444  max mem: 245
DINO loss: 6.533319473266602
DINO loss: 6.552938938140869
DINO loss: 6.4566650390625
DINO loss: 6.497842788696289
DINO loss: 6.536725044250488
DINO loss: 6.549914836883545
DINO loss: 6.599591255187988
DINO loss: 6.604007720947266
DINO loss: 6.560930252075195
DINO loss: 6.502765655517578
Epoch: [0]  [   3140/1303223]  eta: 20:02:04  lr: 0.000000  weight_decay: 0.040000  loss: 6.539342 (6.716185)  wd: 0.040000 (0.040000)  time: 0.054906  data: 0.004453  max mem: 245
DINO loss: 6.541473388671875
DINO loss: 6.5492048263549805
DINO loss: 6.568488121032715
DINO loss: 6.588939189910889
DINO loss: 6.627621650695801
DINO loss: 6.628425598144531
DINO loss: 6.5228681564331055
DINO loss: 6.574372291564941
DINO loss: 6.544367790222168
DINO loss: 6.663361549377441
Epoch: [0]  [   3150/1303223]  eta: 20:02:02  lr: 0.000000  weight_decay: 0.040000  loss: 6.549915 (6.715756)  wd: 0.040000 (0.040000)  time: 0.054919  data: 0.004458  max mem: 245
DINO loss: 6.573984622955322
DINO loss: 6.513975143432617
DINO loss: 6.5343427658081055
DINO loss: 6.6152496337890625
DINO loss: 6.6331787109375
DINO loss: 6.547794342041016
DINO loss: 6.69149112701416
DINO loss: 6.557130813598633
DINO loss: 6.537883758544922
DINO loss: 6.530569076538086
Epoch: [0]  [   3160/1303223]  eta: 20:01:59  lr: 0.000000  weight_decay: 0.040000  loss: 6.557131 (6.715306)  wd: 0.040000 (0.040000)  time: 0.054899  data: 0.004450  max mem: 245
DINO loss: 6.529813289642334
DINO loss: 6.660011291503906
DINO loss: 6.650354385375977
DINO loss: 6.547145843505859
DINO loss: 6.630458831787109
DINO loss: 6.3094801902771
DINO loss: 6.524742126464844
DINO loss: 6.544674873352051
DINO loss: 6.559587001800537
DINO loss: 6.626093864440918
Epoch: [0]  [   3170/1303223]  eta: 20:01:56  lr: 0.000000  weight_decay: 0.040000  loss: 6.547794 (6.714811)  wd: 0.040000 (0.040000)  time: 0.054896  data: 0.004443  max mem: 245
DINO loss: 6.519051551818848
DINO loss: 6.504617691040039
DINO loss: 6.549477577209473
DINO loss: 6.540210723876953
DINO loss: 6.548867702484131
DINO loss: 6.597847938537598
DINO loss: 6.610726356506348
DINO loss: 6.502816200256348
DINO loss: 6.490255355834961
DINO loss: 6.566300392150879
Epoch: [0]  [   3180/1303223]  eta: 20:01:53  lr: 0.000000  weight_decay: 0.040000  loss: 6.547146 (6.714270)  wd: 0.040000 (0.040000)  time: 0.054939  data: 0.004449  max mem: 245
DINO loss: 6.560300827026367
DINO loss: 6.469691276550293
DINO loss: 6.522480010986328
DINO loss: 6.567877769470215
DINO loss: 6.501497268676758
DINO loss: 6.459335803985596
DINO loss: 6.573788166046143
DINO loss: 6.631073951721191
DINO loss: 6.566910743713379
DINO loss: 6.542814254760742
Epoch: [0]  [   3190/1303223]  eta: 20:01:50  lr: 0.000000  weight_decay: 0.040000  loss: 6.542814 (6.713723)  wd: 0.040000 (0.040000)  time: 0.054941  data: 0.004450  max mem: 245
DINO loss: 6.55360746383667
DINO loss: 6.519471168518066
DINO loss: 6.538812637329102
DINO loss: 6.585570335388184
DINO loss: 6.537899971008301
DINO loss: 6.534811973571777
DINO loss: 6.651334762573242
DINO loss: 6.623551368713379
DINO loss: 6.607703685760498
DINO loss: 6.6502790451049805
Epoch: [0]  [   3200/1303223]  eta: 20:01:47  lr: 0.000000  weight_decay: 0.040000  loss: 6.553607 (6.713306)  wd: 0.040000 (0.040000)  time: 0.054895  data: 0.004449  max mem: 245
DINO loss: 6.604126930236816
DINO loss: 6.63679313659668
DINO loss: 6.644288063049316
DINO loss: 6.663211822509766
DINO loss: 6.572484970092773
DINO loss: 6.6170759201049805
DINO loss: 6.524258136749268
DINO loss: 6.6555352210998535
DINO loss: 6.538454055786133
DINO loss: 6.554059028625488
Epoch: [0]  [   3210/1303223]  eta: 20:01:44  lr: 0.000000  weight_decay: 0.040000  loss: 6.585570 (6.712957)  wd: 0.040000 (0.040000)  time: 0.054864  data: 0.004448  max mem: 245
DINO loss: 6.695411682128906
DINO loss: 6.682332515716553
DINO loss: 6.47640323638916
DINO loss: 6.543599605560303
DINO loss: 6.572157859802246
DINO loss: 6.5507354736328125
DINO loss: 6.561617851257324
DINO loss: 6.619110107421875
DINO loss: 6.574768543243408
DINO loss: 6.527816295623779
Epoch: [0]  [   3220/1303223]  eta: 20:01:41  lr: 0.000000  weight_decay: 0.040000  loss: 6.572485 (6.712545)  wd: 0.040000 (0.040000)  time: 0.054844  data: 0.004439  max mem: 245
DINO loss: 6.5389299392700195
DINO loss: 6.5678606033325195
DINO loss: 6.532337188720703
DINO loss: 6.46727180480957
DINO loss: 6.508454322814941
DINO loss: 6.499030113220215
DINO loss: 6.575935363769531
DINO loss: 6.605569362640381
DINO loss: 6.606574058532715
DINO loss: 6.491473197937012
Epoch: [0]  [   3230/1303223]  eta: 20:01:38  lr: 0.000000  weight_decay: 0.040000  loss: 6.550735 (6.712009)  wd: 0.040000 (0.040000)  time: 0.054891  data: 0.004433  max mem: 245
DINO loss: 6.548717975616455
DINO loss: 6.574872016906738
DINO loss: 6.592171669006348
DINO loss: 6.561147212982178
DINO loss: 6.593186378479004
DINO loss: 6.541932582855225
DINO loss: 6.554549217224121
DINO loss: 6.587146282196045
DINO loss: 6.517496109008789
DINO loss: 6.504213333129883
Epoch: [0]  [   3240/1303223]  eta: 20:01:36  lr: 0.000000  weight_decay: 0.040000  loss: 6.548718 (6.711532)  wd: 0.040000 (0.040000)  time: 0.054903  data: 0.004435  max mem: 245
DINO loss: 6.6124749183654785
DINO loss: 6.580147743225098
DINO loss: 6.609018802642822
DINO loss: 6.587118148803711
DINO loss: 6.595073699951172
DINO loss: 6.601459503173828
DINO loss: 6.5535664558410645
DINO loss: 6.457633018493652
DINO loss: 6.526970386505127
DINO loss: 6.537386894226074
Epoch: [0]  [   3250/1303223]  eta: 20:01:33  lr: 0.000000  weight_decay: 0.040000  loss: 6.561147 (6.711085)  wd: 0.040000 (0.040000)  time: 0.054890  data: 0.004447  max mem: 245
DINO loss: 6.494355201721191
DINO loss: 6.566996097564697
DINO loss: 6.587920188903809
DINO loss: 6.472531318664551
DINO loss: 6.633892059326172
DINO loss: 6.521838188171387
DINO loss: 6.52333927154541
DINO loss: 6.571313858032227
DINO loss: 6.555267810821533
DINO loss: 6.530573844909668
Epoch: [0]  [   3260/1303223]  eta: 20:01:30  lr: 0.000000  weight_decay: 0.040000  loss: 6.555268 (6.710578)  wd: 0.040000 (0.040000)  time: 0.054913  data: 0.004455  max mem: 245
DINO loss: 6.5312724113464355
DINO loss: 6.563182353973389
DINO loss: 6.473900318145752
DINO loss: 6.523626327514648
DINO loss: 6.518398284912109
DINO loss: 6.542731285095215
DINO loss: 6.5704545974731445
DINO loss: 6.469151496887207
DINO loss: 6.598916053771973
DINO loss: 6.586957931518555
Epoch: [0]  [   3270/1303223]  eta: 20:01:28  lr: 0.000000  weight_decay: 0.040000  loss: 6.531272 (6.710050)  wd: 0.040000 (0.040000)  time: 0.054943  data: 0.004443  max mem: 245
DINO loss: 6.514479160308838
DINO loss: 6.582389831542969
DINO loss: 6.577057838439941
DINO loss: 6.5087103843688965
DINO loss: 6.534690856933594
DINO loss: 6.612327575683594
DINO loss: 6.674516201019287
DINO loss: 6.494701862335205
DINO loss: 6.59800910949707
DINO loss: 6.487281322479248
Epoch: [0]  [   3280/1303223]  eta: 20:01:25  lr: 0.000000  weight_decay: 0.040000  loss: 6.534691 (6.709588)  wd: 0.040000 (0.040000)  time: 0.054961  data: 0.004450  max mem: 245
DINO loss: 6.556123733520508
DINO loss: 6.637722969055176
DINO loss: 6.56296968460083
DINO loss: 6.540645599365234
DINO loss: 6.449721336364746
DINO loss: 6.642544746398926
DINO loss: 6.545686721801758
DINO loss: 6.505277156829834
DINO loss: 6.559719085693359
DINO loss: 6.56920051574707
Epoch: [0]  [   3290/1303223]  eta: 20:01:22  lr: 0.000000  weight_decay: 0.040000  loss: 6.556124 (6.709124)  wd: 0.040000 (0.040000)  time: 0.054942  data: 0.004466  max mem: 245
DINO loss: 6.632209300994873
DINO loss: 6.526639938354492
DINO loss: 6.556729316711426
DINO loss: 6.494414329528809
DINO loss: 6.575132369995117
DINO loss: 6.50405216217041
DINO loss: 6.498217582702637
DINO loss: 6.534690856933594
DINO loss: 6.557865142822266
DINO loss: 6.577558994293213
Epoch: [0]  [   3300/1303223]  eta: 20:01:20  lr: 0.000000  weight_decay: 0.040000  loss: 6.556124 (6.708629)  wd: 0.040000 (0.040000)  time: 0.054938  data: 0.004454  max mem: 245
DINO loss: 6.530887126922607
DINO loss: 6.439458847045898
DINO loss: 6.447132110595703
DINO loss: 6.554213523864746
DINO loss: 6.593055725097656
DINO loss: 6.517745018005371
DINO loss: 6.443816184997559
DINO loss: 6.552111625671387
DINO loss: 6.680614471435547
DINO loss: 6.527029991149902
Epoch: [0]  [   3310/1303223]  eta: 20:01:17  lr: 0.000000  weight_decay: 0.040000  loss: 6.530887 (6.708086)  wd: 0.040000 (0.040000)  time: 0.054927  data: 0.004450  max mem: 245
DINO loss: 6.497532367706299
DINO loss: 6.512950897216797
DINO loss: 6.574222564697266
DINO loss: 6.397294044494629
DINO loss: 6.50350284576416
DINO loss: 6.608485698699951
DINO loss: 6.417591094970703
DINO loss: 6.57285737991333
DINO loss: 6.417024612426758
DINO loss: 6.563017845153809
Epoch: [0]  [   3320/1303223]  eta: 20:01:15  lr: 0.000000  weight_decay: 0.040000  loss: 6.517745 (6.707478)  wd: 0.040000 (0.040000)  time: 0.054919  data: 0.004457  max mem: 245
DINO loss: 6.489950180053711
DINO loss: 6.328651428222656
DINO loss: 6.515627384185791
DINO loss: 6.500532150268555
DINO loss: 6.338134765625
DINO loss: 6.544587135314941
DINO loss: 6.530630111694336
DINO loss: 6.535617351531982
DINO loss: 6.515155792236328
DINO loss: 6.605355262756348
Epoch: [0]  [   3330/1303223]  eta: 20:01:12  lr: 0.000000  weight_decay: 0.040000  loss: 6.512951 (6.706827)  wd: 0.040000 (0.040000)  time: 0.054958  data: 0.004451  max mem: 245
DINO loss: 6.399956226348877
DINO loss: 6.541813850402832
DINO loss: 6.461213111877441
DINO loss: 6.455854415893555
DINO loss: 6.481102466583252
DINO loss: 6.457749843597412
DINO loss: 6.5183634757995605
DINO loss: 6.6234893798828125
DINO loss: 6.538260459899902
DINO loss: 6.398960590362549
Epoch: [0]  [   3340/1303223]  eta: 20:01:10  lr: 0.000000  weight_decay: 0.040000  loss: 6.500532 (6.706171)  wd: 0.040000 (0.040000)  time: 0.054933  data: 0.004442  max mem: 245
DINO loss: 6.472512245178223
DINO loss: 6.607104301452637
DINO loss: 6.462979316711426
DINO loss: 6.4994659423828125
DINO loss: 6.617998123168945
DINO loss: 6.517420768737793
DINO loss: 6.450286388397217
DINO loss: 6.467815399169922
DINO loss: 6.512959003448486
DINO loss: 6.510231971740723
Epoch: [0]  [   3350/1303223]  eta: 20:01:07  lr: 0.000000  weight_decay: 0.040000  loss: 6.481102 (6.705591)  wd: 0.040000 (0.040000)  time: 0.054910  data: 0.004447  max mem: 245
DINO loss: 6.502532005310059
DINO loss: 6.591672897338867
DINO loss: 6.441878318786621
DINO loss: 6.5720744132995605
DINO loss: 6.5279340744018555
DINO loss: 6.54112434387207
DINO loss: 6.472820281982422
DINO loss: 6.539538860321045
DINO loss: 6.544563293457031
DINO loss: 6.516422271728516
Epoch: [0]  [   3360/1303223]  eta: 20:01:04  lr: 0.000000  weight_decay: 0.040000  loss: 6.512959 (6.705054)  wd: 0.040000 (0.040000)  time: 0.054910  data: 0.004451  max mem: 245
DINO loss: 6.481503963470459
DINO loss: 6.423287868499756
DINO loss: 6.570036888122559
DINO loss: 6.516811370849609
DINO loss: 6.498700141906738
DINO loss: 6.403697490692139
DINO loss: 6.546255111694336
DINO loss: 6.487105369567871
DINO loss: 6.594983100891113
DINO loss: 6.453392505645752
Epoch: [0]  [   3370/1303223]  eta: 20:01:02  lr: 0.000000  weight_decay: 0.040000  loss: 6.516422 (6.704438)  wd: 0.040000 (0.040000)  time: 0.054879  data: 0.004442  max mem: 245
DINO loss: 6.404170036315918
DINO loss: 6.44417667388916
DINO loss: 6.551344871520996
DINO loss: 6.535033226013184
DINO loss: 6.541681289672852
DINO loss: 6.59831428527832
DINO loss: 6.395648956298828
DINO loss: 6.502629280090332
DINO loss: 6.526401519775391
DINO loss: 6.511606216430664
Epoch: [0]  [   3380/1303223]  eta: 20:00:59  lr: 0.000000  weight_decay: 0.040000  loss: 6.502629 (6.703837)  wd: 0.040000 (0.040000)  time: 0.054895  data: 0.004443  max mem: 245
DINO loss: 6.498490333557129
DINO loss: 6.615565299987793
DINO loss: 6.547996520996094
DINO loss: 6.498327255249023
DINO loss: 6.5195136070251465
DINO loss: 6.472594261169434
DINO loss: 6.486464023590088
DINO loss: 6.539620399475098
DINO loss: 6.580042839050293
DINO loss: 6.564382076263428
Epoch: [0]  [   3390/1303223]  eta: 20:00:57  lr: 0.000000  weight_decay: 0.040000  loss: 6.519514 (6.703331)  wd: 0.040000 (0.040000)  time: 0.055017  data: 0.004459  max mem: 245
DINO loss: 6.5810699462890625
DINO loss: 6.4697113037109375
DINO loss: 6.553873062133789
DINO loss: 6.532033443450928
DINO loss: 6.605812072753906
DINO loss: 6.568202018737793
DINO loss: 6.561218738555908
DINO loss: 6.49042272567749
DINO loss: 6.409134864807129
DINO loss: 6.41644287109375
Epoch: [0]  [   3400/1303223]  eta: 20:00:55  lr: 0.000000  weight_decay: 0.040000  loss: 6.532033 (6.702788)  wd: 0.040000 (0.040000)  time: 0.055054  data: 0.004460  max mem: 245
DINO loss: 6.623000144958496
DINO loss: 6.568988800048828
DINO loss: 6.55928897857666
DINO loss: 6.604474067687988
DINO loss: 6.480284690856934
DINO loss: 6.455194473266602
DINO loss: 6.516275405883789
DINO loss: 6.539473533630371
DINO loss: 6.588395118713379
DINO loss: 6.451566696166992
Epoch: [0]  [   3410/1303223]  eta: 20:00:52  lr: 0.000000  weight_decay: 0.040000  loss: 6.539474 (6.702307)  wd: 0.040000 (0.040000)  time: 0.054931  data: 0.004441  max mem: 245
DINO loss: 6.537492752075195
DINO loss: 6.595743656158447
DINO loss: 6.546787261962891
DINO loss: 6.53597354888916
DINO loss: 6.546938896179199
DINO loss: 6.512027740478516
DINO loss: 6.475919723510742
DINO loss: 6.4765424728393555
DINO loss: 6.436555862426758
DINO loss: 6.523686408996582
Epoch: [0]  [   3420/1303223]  eta: 20:00:50  lr: 0.000000  weight_decay: 0.040000  loss: 6.535974 (6.701771)  wd: 0.040000 (0.040000)  time: 0.054895  data: 0.004438  max mem: 245
DINO loss: 6.474623203277588
DINO loss: 6.6026716232299805
DINO loss: 6.398647785186768
DINO loss: 6.539905548095703
DINO loss: 6.539333820343018
DINO loss: 6.537487030029297
DINO loss: 6.587547302246094
DINO loss: 6.476753234863281
DINO loss: 6.462437629699707
DINO loss: 6.462479591369629
Epoch: [0]  [   3430/1303223]  eta: 20:00:47  lr: 0.000000  weight_decay: 0.040000  loss: 6.523686 (6.701207)  wd: 0.040000 (0.040000)  time: 0.054946  data: 0.004457  max mem: 245
DINO loss: 6.651013374328613
DINO loss: 6.472365856170654
DINO loss: 6.4174652099609375
DINO loss: 6.438446521759033
DINO loss: 6.439920425415039
DINO loss: 6.4225077629089355
DINO loss: 6.444769382476807
DINO loss: 6.425718307495117
DINO loss: 6.513691425323486
DINO loss: 6.532437324523926
Epoch: [0]  [   3440/1303223]  eta: 20:00:45  lr: 0.000000  weight_decay: 0.040000  loss: 6.472366 (6.700552)  wd: 0.040000 (0.040000)  time: 0.054984  data: 0.004451  max mem: 245
DINO loss: 6.452145576477051
DINO loss: 6.557243347167969
DINO loss: 6.498592376708984
DINO loss: 6.475935935974121
DINO loss: 6.473934650421143
DINO loss: 6.568090438842773
DINO loss: 6.446846008300781
DINO loss: 6.514782905578613
DINO loss: 6.529137134552002
DINO loss: 6.474606513977051
Epoch: [0]  [   3450/1303223]  eta: 20:00:43  lr: 0.000000  weight_decay: 0.040000  loss: 6.473935 (6.699968)  wd: 0.040000 (0.040000)  time: 0.054981  data: 0.004448  max mem: 245
DINO loss: 6.425731658935547
DINO loss: 6.556273460388184
DINO loss: 6.582599639892578
DINO loss: 6.4733991622924805
DINO loss: 6.572355270385742
DINO loss: 6.579682350158691
DINO loss: 6.591954708099365
DINO loss: 6.603633880615234
DINO loss: 6.488475799560547
DINO loss: 6.526193618774414
Epoch: [0]  [   3460/1303223]  eta: 20:00:40  lr: 0.000000  weight_decay: 0.040000  loss: 6.514783 (6.699506)  wd: 0.040000 (0.040000)  time: 0.054939  data: 0.004453  max mem: 245
DINO loss: 6.57084846496582
DINO loss: 6.640012741088867
DINO loss: 6.568872928619385
DINO loss: 6.409353256225586
DINO loss: 6.575333595275879
DINO loss: 6.596199989318848
DINO loss: 6.405671119689941
DINO loss: 6.454657554626465
DINO loss: 6.461965084075928
DINO loss: 6.502376556396484
Epoch: [0]  [   3470/1303223]  eta: 20:00:38  lr: 0.000000  weight_decay: 0.040000  loss: 6.556273 (6.698985)  wd: 0.040000 (0.040000)  time: 0.054945  data: 0.004451  max mem: 245
DINO loss: 6.542581081390381
DINO loss: 6.416502952575684
DINO loss: 6.563507080078125
DINO loss: 6.514441013336182
DINO loss: 6.474788665771484
DINO loss: 6.499137878417969
DINO loss: 6.436953544616699
DINO loss: 6.475238800048828
DINO loss: 6.496020317077637
DINO loss: 6.527382850646973
Epoch: [0]  [   3480/1303223]  eta: 20:00:36  lr: 0.000000  weight_decay: 0.040000  loss: 6.499138 (6.698398)  wd: 0.040000 (0.040000)  time: 0.055007  data: 0.004448  max mem: 245
DINO loss: 6.579534530639648
DINO loss: 6.539217948913574
DINO loss: 6.477396011352539
DINO loss: 6.512189865112305
DINO loss: 6.562798500061035
DINO loss: 6.4553070068359375
DINO loss: 6.468463897705078
DINO loss: 6.416631698608398
DINO loss: 6.49837064743042
DINO loss: 6.462658405303955
Epoch: [0]  [   3490/1303223]  eta: 20:00:34  lr: 0.000000  weight_decay: 0.040000  loss: 6.496020 (6.697821)  wd: 0.040000 (0.040000)  time: 0.054976  data: 0.004447  max mem: 245
DINO loss: 6.583039283752441
DINO loss: 6.617116928100586
DINO loss: 6.488062858581543
DINO loss: 6.502625465393066
DINO loss: 6.568017482757568
DINO loss: 6.576508522033691
DINO loss: 6.499732971191406
DINO loss: 6.458769798278809
DINO loss: 6.485666275024414
DINO loss: 6.4848456382751465
Epoch: [0]  [   3500/1303223]  eta: 20:00:31  lr: 0.000000  weight_decay: 0.040000  loss: 6.498371 (6.697332)  wd: 0.040000 (0.040000)  time: 0.054924  data: 0.004459  max mem: 245
DINO loss: 6.503041744232178
DINO loss: 6.432655334472656
DINO loss: 6.514101982116699
DINO loss: 6.563440322875977
DINO loss: 6.61766242980957
DINO loss: 6.642603874206543
DINO loss: 6.471386909484863
DINO loss: 6.481673717498779
DINO loss: 6.433791160583496
DINO loss: 6.5058441162109375
Epoch: [0]  [   3510/1303223]  eta: 20:00:29  lr: 0.000000  weight_decay: 0.040000  loss: 6.502625 (6.696817)  wd: 0.040000 (0.040000)  time: 0.054893  data: 0.004446  max mem: 245
DINO loss: 6.42428731918335
DINO loss: 6.445383071899414
DINO loss: 6.526988983154297
DINO loss: 6.53126335144043
DINO loss: 6.553993225097656
DINO loss: 6.589512825012207
DINO loss: 6.450050354003906
DINO loss: 6.572941780090332
DINO loss: 6.514809608459473
DINO loss: 6.447636604309082
Epoch: [0]  [   3520/1303223]  eta: 20:00:27  lr: 0.000000  weight_decay: 0.040000  loss: 6.505844 (6.696274)  wd: 0.040000 (0.040000)  time: 0.054941  data: 0.004438  max mem: 245
DINO loss: 6.513841152191162
DINO loss: 6.611489295959473
DINO loss: 6.516024589538574
DINO loss: 6.497406005859375
DINO loss: 6.498542308807373
DINO loss: 6.465634346008301
DINO loss: 6.511787414550781
DINO loss: 6.498394012451172
DINO loss: 6.516319274902344
DINO loss: 6.350928783416748
Epoch: [0]  [   3530/1303223]  eta: 20:00:24  lr: 0.000000  weight_decay: 0.040000  loss: 6.511787 (6.695713)  wd: 0.040000 (0.040000)  time: 0.054976  data: 0.004459  max mem: 245
DINO loss: 6.545206069946289
DINO loss: 6.557747840881348
DINO loss: 6.530778884887695
DINO loss: 6.548813819885254
DINO loss: 6.485872268676758
DINO loss: 6.581700325012207
DINO loss: 6.4911980628967285
DINO loss: 6.571438312530518
DINO loss: 6.532846450805664
DINO loss: 6.545328140258789
Epoch: [0]  [   3540/1303223]  eta: 20:00:22  lr: 0.000000  weight_decay: 0.040000  loss: 6.516025 (6.695271)  wd: 0.040000 (0.040000)  time: 0.054939  data: 0.004462  max mem: 245
DINO loss: 6.521042823791504
DINO loss: 6.539039611816406
DINO loss: 6.420473098754883
DINO loss: 6.622303009033203
DINO loss: 6.528396129608154
DINO loss: 6.552445888519287
DINO loss: 6.501809120178223
DINO loss: 6.46718692779541
DINO loss: 6.449883460998535
DINO loss: 6.492844581604004
Epoch: [0]  [   3550/1303223]  eta: 20:00:20  lr: 0.000000  weight_decay: 0.040000  loss: 6.530779 (6.694748)  wd: 0.040000 (0.040000)  time: 0.054930  data: 0.004451  max mem: 245
DINO loss: 6.478677272796631
DINO loss: 6.568142890930176
DINO loss: 6.469995021820068
DINO loss: 6.457374572753906
DINO loss: 6.4311723709106445
DINO loss: 6.624841213226318
DINO loss: 6.43107795715332
DINO loss: 6.595016956329346
DINO loss: 6.603562355041504
DINO loss: 6.499946117401123
Epoch: [0]  [   3560/1303223]  eta: 20:00:17  lr: 0.000000  weight_decay: 0.040000  loss: 6.499946 (6.694246)  wd: 0.040000 (0.040000)  time: 0.054929  data: 0.004452  max mem: 245
DINO loss: 6.442686080932617
DINO loss: 6.4494781494140625
DINO loss: 6.440550804138184
DINO loss: 6.507707118988037
DINO loss: 6.4611287117004395
DINO loss: 6.476613998413086
DINO loss: 6.640069961547852
DINO loss: 6.447357654571533
DINO loss: 6.58521032333374
DINO loss: 6.436139106750488
Epoch: [0]  [   3570/1303223]  eta: 20:00:15  lr: 0.000000  weight_decay: 0.040000  loss: 6.469995 (6.693670)  wd: 0.040000 (0.040000)  time: 0.054978  data: 0.004454  max mem: 245
DINO loss: 6.455084800720215
DINO loss: 6.478053569793701
DINO loss: 6.366186141967773
DINO loss: 6.3550310134887695
DINO loss: 6.4225664138793945
DINO loss: 6.449363708496094
DINO loss: 6.551527500152588
DINO loss: 6.474764823913574
DINO loss: 6.58020544052124
DINO loss: 6.521780967712402
Epoch: [0]  [   3580/1303223]  eta: 20:00:13  lr: 0.000000  weight_decay: 0.040000  loss: 6.455085 (6.693033)  wd: 0.040000 (0.040000)  time: 0.054974  data: 0.004448  max mem: 245
DINO loss: 6.480485916137695
DINO loss: 6.526989459991455
DINO loss: 6.513031005859375
DINO loss: 6.613897323608398
DINO loss: 6.617094039916992
DINO loss: 6.5337419509887695
DINO loss: 6.413026332855225
DINO loss: 6.5771565437316895
DINO loss: 6.524423599243164
DINO loss: 6.385367393493652
Epoch: [0]  [   3590/1303223]  eta: 20:00:11  lr: 0.000000  weight_decay: 0.040000  loss: 6.480486 (6.692547)  wd: 0.040000 (0.040000)  time: 0.054931  data: 0.004446  max mem: 245
DINO loss: 6.608875751495361
DINO loss: 6.4369659423828125
DINO loss: 6.46711540222168
DINO loss: 6.437129020690918
DINO loss: 6.537665367126465
DINO loss: 6.413677215576172
DINO loss: 6.444659233093262
DINO loss: 6.326179504394531
DINO loss: 6.5562543869018555
DINO loss: 6.50360107421875
Epoch: [0]  [   3600/1303223]  eta: 20:00:09  lr: 0.000000  weight_decay: 0.040000  loss: 6.503601 (6.691938)  wd: 0.040000 (0.040000)  time: 0.054988  data: 0.004454  max mem: 245
DINO loss: 6.558834075927734
DINO loss: 6.444527626037598
DINO loss: 6.521056175231934
DINO loss: 6.479578018188477
DINO loss: 6.572730541229248
DINO loss: 6.48309850692749
DINO loss: 6.4823713302612305
DINO loss: 6.51664400100708
DINO loss: 6.400362968444824
DINO loss: 6.540223121643066
Epoch: [0]  [   3610/1303223]  eta: 20:00:07  lr: 0.000000  weight_decay: 0.040000  loss: 6.482371 (6.691406)  wd: 0.040000 (0.040000)  time: 0.055020  data: 0.004448  max mem: 245
DINO loss: 6.524458885192871
DINO loss: 6.529820442199707
DINO loss: 6.468934535980225
DINO loss: 6.453453063964844
DINO loss: 6.500070095062256
DINO loss: 6.479914665222168
DINO loss: 6.528304100036621
DINO loss: 6.575438022613525
DINO loss: 6.508230209350586
DINO loss: 6.45064115524292
Epoch: [0]  [   3620/1303223]  eta: 20:00:05  lr: 0.000000  weight_decay: 0.040000  loss: 6.500070 (6.690883)  wd: 0.040000 (0.040000)  time: 0.054960  data: 0.004440  max mem: 245
DINO loss: 6.42111349105835
DINO loss: 6.489893913269043
DINO loss: 6.519387245178223
DINO loss: 6.4366254806518555
DINO loss: 6.377270698547363
DINO loss: 6.546165466308594
DINO loss: 6.391542434692383
DINO loss: 6.570027828216553
DINO loss: 6.364259243011475
DINO loss: 6.603930473327637
Epoch: [0]  [   3630/1303223]  eta: 20:00:02  lr: 0.000000  weight_decay: 0.040000  loss: 6.489894 (6.690280)  wd: 0.040000 (0.040000)  time: 0.054914  data: 0.004451  max mem: 245
DINO loss: 6.486209869384766
DINO loss: 6.459674835205078
DINO loss: 6.510341644287109
DINO loss: 6.5467729568481445
DINO loss: 6.321507930755615
DINO loss: 6.457329750061035
DINO loss: 6.470013618469238
DINO loss: 6.392742156982422
DINO loss: 6.551334857940674
DINO loss: 6.324392795562744
Epoch: [0]  [   3640/1303223]  eta: 20:00:00  lr: 0.000000  weight_decay: 0.040000  loss: 6.459675 (6.689626)  wd: 0.040000 (0.040000)  time: 0.054914  data: 0.004454  max mem: 245
DINO loss: 6.434595108032227
DINO loss: 6.566066741943359
DINO loss: 6.496516227722168
DINO loss: 6.494769096374512
DINO loss: 6.570450782775879
DINO loss: 6.416677474975586
DINO loss: 6.524633407592773
DINO loss: 6.495083332061768
DINO loss: 6.57806396484375
DINO loss: 6.566230297088623
Epoch: [0]  [   3650/1303223]  eta: 19:59:58  lr: 0.000000  weight_decay: 0.040000  loss: 6.494769 (6.689145)  wd: 0.040000 (0.040000)  time: 0.054957  data: 0.004449  max mem: 245
DINO loss: 6.560358047485352
DINO loss: 6.41851806640625
DINO loss: 6.41606330871582
DINO loss: 6.488180160522461
DINO loss: 6.4769062995910645
DINO loss: 6.500981330871582
DINO loss: 6.411633491516113
DINO loss: 6.348442077636719
DINO loss: 6.550230026245117
DINO loss: 6.480204105377197
Epoch: [0]  [   3660/1303223]  eta: 19:59:56  lr: 0.000000  weight_decay: 0.040000  loss: 6.494769 (6.688534)  wd: 0.040000 (0.040000)  time: 0.054961  data: 0.004446  max mem: 245
DINO loss: 6.501729965209961
DINO loss: 6.5530219078063965
DINO loss: 6.528685092926025
DINO loss: 6.424103736877441
DINO loss: 6.503635406494141
DINO loss: 6.461277961730957
DINO loss: 6.552278995513916
DINO loss: 6.5008745193481445
DINO loss: 6.510193824768066
DINO loss: 6.578365325927734
Epoch: [0]  [   3670/1303223]  eta: 19:59:54  lr: 0.000000  weight_decay: 0.040000  loss: 6.500875 (6.688051)  wd: 0.040000 (0.040000)  time: 0.054972  data: 0.004454  max mem: 245
DINO loss: 6.4785051345825195
DINO loss: 6.5350141525268555
DINO loss: 6.391302108764648
DINO loss: 6.467803001403809
DINO loss: 6.511514186859131
DINO loss: 6.515192031860352
DINO loss: 6.478633880615234
DINO loss: 6.50427770614624
DINO loss: 6.575374603271484
DINO loss: 6.436402797698975
Epoch: [0]  [   3680/1303223]  eta: 19:59:52  lr: 0.000000  weight_decay: 0.040000  loss: 6.503635 (6.687511)  wd: 0.040000 (0.040000)  time: 0.054971  data: 0.004450  max mem: 245
DINO loss: 6.572977542877197
DINO loss: 6.446778297424316
DINO loss: 6.427547454833984
DINO loss: 6.519806861877441
DINO loss: 6.554680824279785
DINO loss: 6.548904895782471
DINO loss: 6.546403884887695
DINO loss: 6.379860877990723
DINO loss: 6.6008758544921875
DINO loss: 6.52757453918457
Epoch: [0]  [   3690/1303223]  eta: 19:59:50  lr: 0.000000  weight_decay: 0.040000  loss: 6.511514 (6.687037)  wd: 0.040000 (0.040000)  time: 0.054942  data: 0.004438  max mem: 245
DINO loss: 6.459394931793213
DINO loss: 6.532834053039551
DINO loss: 6.486529350280762
DINO loss: 6.460471153259277
DINO loss: 6.475671291351318
DINO loss: 6.488056659698486
DINO loss: 6.438840389251709
DINO loss: 6.451232433319092
DINO loss: 6.481274604797363
DINO loss: 6.504522323608398
Epoch: [0]  [   3700/1303223]  eta: 19:59:48  lr: 0.000000  weight_decay: 0.040000  loss: 6.486529 (6.686472)  wd: 0.040000 (0.040000)  time: 0.054990  data: 0.004452  max mem: 245
DINO loss: 6.38906192779541
DINO loss: 6.431908130645752
DINO loss: 6.541210174560547
DINO loss: 6.503528594970703
DINO loss: 6.48093318939209
DINO loss: 6.397850513458252
DINO loss: 6.567546844482422
DINO loss: 6.451530933380127
DINO loss: 6.476069450378418
DINO loss: 6.512311935424805
Epoch: [0]  [   3710/1303223]  eta: 19:59:45  lr: 0.000000  weight_decay: 0.040000  loss: 6.476069 (6.685903)  wd: 0.040000 (0.040000)  time: 0.054975  data: 0.004458  max mem: 245
DINO loss: 6.430194854736328
DINO loss: 6.506935119628906
DINO loss: 6.534873962402344
DINO loss: 6.397381782531738
DINO loss: 6.499818801879883
DINO loss: 6.465569496154785
DINO loss: 6.415192127227783
DINO loss: 6.361252784729004
DINO loss: 6.427935600280762
DINO loss: 6.566347122192383
Epoch: [0]  [   3720/1303223]  eta: 19:59:43  lr: 0.000000  weight_decay: 0.040000  loss: 6.465569 (6.685297)  wd: 0.040000 (0.040000)  time: 0.054921  data: 0.004444  max mem: 245
DINO loss: 6.543895244598389
DINO loss: 6.390686988830566
DINO loss: 6.556913375854492
DINO loss: 6.459964752197266
DINO loss: 6.373908042907715
DINO loss: 6.394421577453613
DINO loss: 6.462761402130127
DINO loss: 6.477956295013428
DINO loss: 6.5627055168151855
DINO loss: 6.379079818725586
Epoch: [0]  [   3730/1303223]  eta: 19:59:41  lr: 0.000000  weight_decay: 0.040000  loss: 6.459965 (6.684694)  wd: 0.040000 (0.040000)  time: 0.054931  data: 0.004440  max mem: 245
DINO loss: 6.462564468383789
DINO loss: 6.485540390014648
DINO loss: 6.426483154296875
DINO loss: 6.510889053344727
DINO loss: 6.414440631866455
DINO loss: 6.434621334075928
DINO loss: 6.5452141761779785
DINO loss: 6.436438083648682
DINO loss: 6.5850725173950195
DINO loss: 6.379805564880371
Epoch: [0]  [   3740/1303223]  eta: 19:59:39  lr: 0.000000  weight_decay: 0.040000  loss: 6.459965 (6.684115)  wd: 0.040000 (0.040000)  time: 0.054939  data: 0.004451  max mem: 245
DINO loss: 6.488258361816406
DINO loss: 6.410391807556152
DINO loss: 6.544836521148682
DINO loss: 6.508327007293701
DINO loss: 6.529666900634766
DINO loss: 6.436238765716553
DINO loss: 6.498051166534424
DINO loss: 6.452106475830078
DINO loss: 6.368077278137207
DINO loss: 6.506977081298828
Epoch: [0]  [   3750/1303223]  eta: 19:59:37  lr: 0.000000  weight_decay: 0.040000  loss: 6.462564 (6.683556)  wd: 0.040000 (0.040000)  time: 0.054949  data: 0.004457  max mem: 245
DINO loss: 6.574726581573486
DINO loss: 6.532047271728516
DINO loss: 6.3789544105529785
DINO loss: 6.5031843185424805
DINO loss: 6.528952598571777
DINO loss: 6.431877613067627
DINO loss: 6.415497779846191
DINO loss: 6.4910783767700195
DINO loss: 6.396722316741943
DINO loss: 6.488742828369141
Epoch: [0]  [   3760/1303223]  eta: 19:59:35  lr: 0.000000  weight_decay: 0.040000  loss: 6.488743 (6.682999)  wd: 0.040000 (0.040000)  time: 0.054956  data: 0.004453  max mem: 245
DINO loss: 6.397578239440918
DINO loss: 6.440227031707764
DINO loss: 6.433778762817383
DINO loss: 6.550806045532227
DINO loss: 6.473813056945801
DINO loss: 6.37166690826416
DINO loss: 6.505704879760742
DINO loss: 6.519712924957275
DINO loss: 6.383363723754883
DINO loss: 6.3882927894592285
Epoch: [0]  [   3770/1303223]  eta: 19:59:33  lr: 0.000000  weight_decay: 0.040000  loss: 6.440227 (6.682372)  wd: 0.040000 (0.040000)  time: 0.054966  data: 0.004451  max mem: 245
DINO loss: 6.2610979080200195
DINO loss: 6.473364353179932
DINO loss: 6.5474467277526855
DINO loss: 6.504518985748291
DINO loss: 6.520720958709717
DINO loss: 6.443935394287109
DINO loss: 6.484867095947266
DINO loss: 6.504063129425049
DINO loss: 6.474028587341309
DINO loss: 6.475657939910889
Epoch: [0]  [   3780/1303223]  eta: 19:59:31  lr: 0.000000  weight_decay: 0.040000  loss: 6.473813 (6.681807)  wd: 0.040000 (0.040000)  time: 0.054981  data: 0.004458  max mem: 245
DINO loss: 6.484873294830322
DINO loss: 6.461938858032227
DINO loss: 6.4767913818359375
DINO loss: 6.573723793029785
DINO loss: 6.542247772216797
DINO loss: 6.485044002532959
DINO loss: 6.3071088790893555
DINO loss: 6.4263458251953125
DINO loss: 6.3059587478637695
DINO loss: 6.5316619873046875
Epoch: [0]  [   3790/1303223]  eta: 19:59:29  lr: 0.000000  weight_decay: 0.040000  loss: 6.476791 (6.681221)  wd: 0.040000 (0.040000)  time: 0.054964  data: 0.004454  max mem: 245
DINO loss: 6.454782009124756
DINO loss: 6.4475908279418945
DINO loss: 6.410694122314453
DINO loss: 6.440284252166748
DINO loss: 6.41406774520874
DINO loss: 6.464069843292236
DINO loss: 6.559544086456299
DINO loss: 6.5237932205200195
DINO loss: 6.530857086181641
DINO loss: 6.329079627990723
Epoch: [0]  [   3800/1303223]  eta: 19:59:27  lr: 0.000000  weight_decay: 0.040000  loss: 6.461939 (6.680633)  wd: 0.040000 (0.040000)  time: 0.054942  data: 0.004449  max mem: 245
DINO loss: 6.534633636474609
DINO loss: 6.353444576263428
DINO loss: 6.60580587387085
DINO loss: 6.474442005157471
DINO loss: 6.68189811706543
DINO loss: 6.371484756469727
DINO loss: 6.4806437492370605
DINO loss: 6.312252521514893
DINO loss: 6.506349563598633
DINO loss: 6.494022369384766
Epoch: [0]  [   3810/1303223]  eta: 19:59:25  lr: 0.000000  weight_decay: 0.040000  loss: 6.464070 (6.680110)  wd: 0.040000 (0.040000)  time: 0.054989  data: 0.004460  max mem: 245
DINO loss: 6.5088958740234375
DINO loss: 6.468232154846191
DINO loss: 6.325497150421143
DINO loss: 6.546088218688965
DINO loss: 6.34760856628418
DINO loss: 6.456309795379639
DINO loss: 6.371799468994141
DINO loss: 6.432119369506836
DINO loss: 6.517775535583496
DINO loss: 6.306221961975098
Epoch: [0]  [   3820/1303223]  eta: 19:59:23  lr: 0.000000  weight_decay: 0.040000  loss: 6.468232 (6.679450)  wd: 0.040000 (0.040000)  time: 0.054999  data: 0.004455  max mem: 245
DINO loss: 6.383990287780762
DINO loss: 6.492815017700195
DINO loss: 6.468796730041504
DINO loss: 6.402985572814941
DINO loss: 6.498699188232422
DINO loss: 6.4570488929748535
DINO loss: 6.502086162567139
DINO loss: 6.490627765655518
DINO loss: 6.521513938903809
DINO loss: 6.451294422149658
Epoch: [0]  [   3830/1303223]  eta: 19:59:21  lr: 0.000000  weight_decay: 0.040000  loss: 6.457049 (6.678896)  wd: 0.040000 (0.040000)  time: 0.054963  data: 0.004452  max mem: 245
DINO loss: 6.393882751464844
DINO loss: 6.4890642166137695
DINO loss: 6.4650068283081055
DINO loss: 6.485706329345703
DINO loss: 6.343024730682373
DINO loss: 6.406423568725586
DINO loss: 6.500332832336426
DINO loss: 6.397299766540527
DINO loss: 6.510854721069336
DINO loss: 6.3149943351745605
Epoch: [0]  [   3840/1303223]  eta: 19:59:20  lr: 0.000000  weight_decay: 0.040000  loss: 6.465007 (6.678249)  wd: 0.040000 (0.040000)  time: 0.055053  data: 0.004456  max mem: 245
DINO loss: 6.381923198699951
DINO loss: 6.546314239501953
DINO loss: 6.475011825561523
DINO loss: 6.306458950042725
DINO loss: 6.354990482330322
DINO loss: 6.520214557647705
DINO loss: 6.364710330963135
DINO loss: 6.518782615661621
DINO loss: 6.316255569458008
DINO loss: 6.520007133483887
Epoch: [0]  [   3850/1303223]  eta: 19:59:18  lr: 0.000000  weight_decay: 0.040000  loss: 6.406424 (6.677606)  wd: 0.040000 (0.040000)  time: 0.055037  data: 0.004450  max mem: 245
DINO loss: 6.509650230407715
DINO loss: 6.573657035827637
DINO loss: 6.350530624389648
DINO loss: 6.359689235687256
DINO loss: 6.488859176635742
DINO loss: 6.456733703613281
DINO loss: 6.333247661590576
DINO loss: 6.443212509155273
DINO loss: 6.354640960693359
DINO loss: 6.4164533615112305
Epoch: [0]  [   3860/1303223]  eta: 19:59:16  lr: 0.000000  weight_decay: 0.040000  loss: 6.416453 (6.676961)  wd: 0.040000 (0.040000)  time: 0.054929  data: 0.004445  max mem: 245
DINO loss: 6.587738037109375
DINO loss: 6.445483207702637
DINO loss: 6.526792526245117
DINO loss: 6.518263816833496
DINO loss: 6.3886003494262695
DINO loss: 6.472390651702881
DINO loss: 6.464700698852539
DINO loss: 6.379526138305664
DINO loss: 6.278384208679199
DINO loss: 6.432417869567871
Epoch: [0]  [   3870/1303223]  eta: 19:59:14  lr: 0.000000  weight_decay: 0.040000  loss: 6.443213 (6.676374)  wd: 0.040000 (0.040000)  time: 0.054956  data: 0.004453  max mem: 245
DINO loss: 6.449895858764648
DINO loss: 6.541759490966797
DINO loss: 6.383819103240967
DINO loss: 6.432102203369141
DINO loss: 6.408901691436768
DINO loss: 6.356245040893555
DINO loss: 6.439894199371338
DINO loss: 6.482954978942871
DINO loss: 6.327714920043945
DINO loss: 6.529474258422852
Epoch: [0]  [   3880/1303223]  eta: 19:59:12  lr: 0.000000  weight_decay: 0.040000  loss: 6.439894 (6.675752)  wd: 0.040000 (0.040000)  time: 0.054977  data: 0.004459  max mem: 245
DINO loss: 6.489882469177246
DINO loss: 6.4482526779174805
DINO loss: 6.3495588302612305
DINO loss: 6.368564605712891
DINO loss: 6.5235137939453125
DINO loss: 6.464752197265625
DINO loss: 6.597474098205566
DINO loss: 6.522352695465088
DINO loss: 6.4244818687438965
DINO loss: 6.539229393005371
Epoch: [0]  [   3890/1303223]  eta: 19:59:10  lr: 0.000000  weight_decay: 0.040000  loss: 6.448253 (6.675231)  wd: 0.040000 (0.040000)  time: 0.054971  data: 0.004453  max mem: 245
DINO loss: 6.50390625
DINO loss: 6.26389217376709
DINO loss: 6.46091890335083
DINO loss: 6.593425750732422
DINO loss: 6.540107727050781
DINO loss: 6.504890441894531
DINO loss: 6.508383750915527
DINO loss: 6.438624858856201
DINO loss: 6.387420177459717
DINO loss: 6.380685806274414
Epoch: [0]  [   3900/1303223]  eta: 19:59:08  lr: 0.000000  weight_decay: 0.040000  loss: 6.464752 (6.674674)  wd: 0.040000 (0.040000)  time: 0.054995  data: 0.004454  max mem: 245
DINO loss: 6.535568714141846
DINO loss: 6.498014450073242
DINO loss: 6.420341968536377
DINO loss: 6.4568023681640625
DINO loss: 6.415348529815674
DINO loss: 6.489505767822266
DINO loss: 6.461911201477051
DINO loss: 6.433825969696045
DINO loss: 6.486740589141846
DINO loss: 6.451750755310059
Epoch: [0]  [   3910/1303223]  eta: 19:59:06  lr: 0.000000  weight_decay: 0.040000  loss: 6.460919 (6.674138)  wd: 0.040000 (0.040000)  time: 0.054999  data: 0.004459  max mem: 245
DINO loss: 6.400509834289551
DINO loss: 6.3754072189331055
DINO loss: 6.472453594207764
DINO loss: 6.318630695343018
DINO loss: 6.445740699768066
DINO loss: 6.3264617919921875
DINO loss: 6.333106994628906
DINO loss: 6.4031453132629395
DINO loss: 6.550737380981445
DINO loss: 6.363364219665527
Epoch: [0]  [   3920/1303223]  eta: 19:59:04  lr: 0.000000  weight_decay: 0.040000  loss: 6.433826 (6.673436)  wd: 0.040000 (0.040000)  time: 0.054965  data: 0.004460  max mem: 245
DINO loss: 6.417413234710693
DINO loss: 6.339788436889648
DINO loss: 6.356787204742432
DINO loss: 6.43908166885376
DINO loss: 6.410703659057617
DINO loss: 6.222178936004639
DINO loss: 6.458984375
DINO loss: 6.5014753341674805
DINO loss: 6.400547027587891
DINO loss: 6.518073558807373
Epoch: [0]  [   3930/1303223]  eta: 19:59:02  lr: 0.000000  weight_decay: 0.040000  loss: 6.400547 (6.672757)  wd: 0.040000 (0.040000)  time: 0.054851  data: 0.004443  max mem: 245
DINO loss: 6.445531845092773
DINO loss: 6.470099449157715
DINO loss: 6.386617660522461
DINO loss: 6.4850754737854
DINO loss: 6.408655166625977
DINO loss: 6.266716003417969
DINO loss: 6.400485038757324
DINO loss: 6.347933769226074
DINO loss: 6.5869035720825195
DINO loss: 6.471905708312988
Epoch: [0]  [   3940/1303223]  eta: 19:59:00  lr: 0.000000  weight_decay: 0.040000  loss: 6.410704 (6.672134)  wd: 0.040000 (0.040000)  time: 0.054884  data: 0.004443  max mem: 245
DINO loss: 6.399991989135742
DINO loss: 6.496283054351807
DINO loss: 6.576235771179199
DINO loss: 6.4508056640625
DINO loss: 6.463109970092773
DINO loss: 6.436879634857178
DINO loss: 6.310331344604492
DINO loss: 6.533835411071777
DINO loss: 6.377771854400635
DINO loss: 6.514197826385498
Epoch: [0]  [   3950/1303223]  eta: 19:58:58  lr: 0.000000  weight_decay: 0.040000  loss: 6.445532 (6.671587)  wd: 0.040000 (0.040000)  time: 0.055013  data: 0.004456  max mem: 245
DINO loss: 6.430868625640869
DINO loss: 6.432024002075195
DINO loss: 6.451020240783691
DINO loss: 6.275775909423828
DINO loss: 6.456971168518066
DINO loss: 6.288816928863525
DINO loss: 6.368537902832031
DINO loss: 6.389573097229004
DINO loss: 6.423490524291992
DINO loss: 6.386370658874512
Epoch: [0]  [   3960/1303223]  eta: 19:58:56  lr: 0.000000  weight_decay: 0.040000  loss: 6.430869 (6.670877)  wd: 0.040000 (0.040000)  time: 0.054983  data: 0.004450  max mem: 245
DINO loss: 6.3602705001831055
DINO loss: 6.339340686798096
DINO loss: 6.546723365783691
DINO loss: 6.428781509399414
DINO loss: 6.471465587615967
DINO loss: 6.4417524337768555
DINO loss: 6.392335414886475
DINO loss: 6.316039562225342
DINO loss: 6.300776481628418
DINO loss: 6.519650459289551
Epoch: [0]  [   3970/1303223]  eta: 19:58:55  lr: 0.000000  weight_decay: 0.040000  loss: 6.392335 (6.670224)  wd: 0.040000 (0.040000)  time: 0.054971  data: 0.004440  max mem: 245
DINO loss: 6.422357559204102
DINO loss: 6.520440101623535
DINO loss: 6.305327415466309
DINO loss: 6.51664400100708
DINO loss: 6.39735221862793
DINO loss: 6.503039360046387
DINO loss: 6.29819393157959
DINO loss: 6.539973258972168
DINO loss: 6.403219223022461
DINO loss: 6.332791328430176
Epoch: [0]  [   3980/1303223]  eta: 19:58:53  lr: 0.000000  weight_decay: 0.040000  loss: 6.403219 (6.669605)  wd: 0.040000 (0.040000)  time: 0.054947  data: 0.004443  max mem: 245
DINO loss: 6.472208023071289
DINO loss: 6.333181381225586
DINO loss: 6.332718849182129
DINO loss: 6.416758060455322
DINO loss: 6.48670768737793
DINO loss: 6.371805667877197
DINO loss: 6.393710136413574
DINO loss: 6.3686676025390625
DINO loss: 6.492521286010742
DINO loss: 6.516349792480469
Epoch: [0]  [   3990/1303223]  eta: 19:58:51  lr: 0.000000  weight_decay: 0.040000  loss: 6.403219 (6.668976)  wd: 0.040000 (0.040000)  time: 0.054935  data: 0.004458  max mem: 245
DINO loss: 6.326609134674072
DINO loss: 6.340662002563477
DINO loss: 6.36475944519043
DINO loss: 6.436619758605957
DINO loss: 6.472373962402344
DINO loss: 6.427347660064697
DINO loss: 6.476814270019531
DINO loss: 6.445512771606445
DINO loss: 6.561286926269531
DINO loss: 6.375178337097168
Epoch: [0]  [   4000/1303223]  eta: 19:58:49  lr: 0.000000  weight_decay: 0.040000  loss: 6.416758 (6.668361)  wd: 0.040000 (0.040000)  time: 0.054970  data: 0.004453  max mem: 245
DINO loss: 6.404244899749756
DINO loss: 6.369293689727783
DINO loss: 6.466334819793701
DINO loss: 6.40316915512085
DINO loss: 6.432990074157715
DINO loss: 6.377154350280762
DINO loss: 6.5502729415893555
DINO loss: 6.452897071838379
DINO loss: 6.441746711730957
DINO loss: 6.350856781005859
Epoch: [0]  [   4010/1303223]  eta: 19:58:47  lr: 0.000000  weight_decay: 0.040000  loss: 6.427348 (6.667754)  wd: 0.040000 (0.040000)  time: 0.054942  data: 0.004447  max mem: 245
DINO loss: 6.361063480377197
DINO loss: 6.463922500610352
DINO loss: 6.497608184814453
DINO loss: 6.365276336669922
DINO loss: 6.492502212524414
DINO loss: 6.389623641967773
DINO loss: 6.572187423706055
DINO loss: 6.377923965454102
DINO loss: 6.347255706787109
DINO loss: 6.49110746383667
Epoch: [0]  [   4020/1303223]  eta: 19:58:45  lr: 0.000000  weight_decay: 0.040000  loss: 6.404245 (6.667177)  wd: 0.040000 (0.040000)  time: 0.054934  data: 0.004448  max mem: 245
DINO loss: 6.471426486968994
DINO loss: 6.416991233825684
DINO loss: 6.418666839599609
DINO loss: 6.368063449859619
DINO loss: 6.471320152282715
DINO loss: 6.248795509338379
DINO loss: 6.34423828125
DINO loss: 6.497089385986328
DINO loss: 6.460761070251465
DINO loss: 6.3241472244262695
Epoch: [0]  [   4030/1303223]  eta: 19:58:43  lr: 0.000000  weight_decay: 0.040000  loss: 6.416991 (6.666519)  wd: 0.040000 (0.040000)  time: 0.054976  data: 0.004442  max mem: 245
DINO loss: 6.3219451904296875
DINO loss: 6.4024128913879395
DINO loss: 6.399430274963379
DINO loss: 6.4013872146606445
DINO loss: 6.503817081451416
DINO loss: 6.374994277954102
DINO loss: 6.384839057922363
DINO loss: 6.3096723556518555
DINO loss: 6.258673191070557
DINO loss: 6.442975044250488
Epoch: [0]  [   4040/1303223]  eta: 19:58:41  lr: 0.000000  weight_decay: 0.040000  loss: 6.399430 (6.665810)  wd: 0.040000 (0.040000)  time: 0.054974  data: 0.004444  max mem: 245
DINO loss: 6.462526321411133
DINO loss: 6.405026435852051
DINO loss: 6.398618221282959
DINO loss: 6.384287357330322
DINO loss: 6.470921516418457
DINO loss: 6.534222602844238
DINO loss: 6.362672328948975
DINO loss: 6.444958686828613
DINO loss: 6.253189563751221
DINO loss: 6.435152053833008
Epoch: [0]  [   4050/1303223]  eta: 19:58:40  lr: 0.000000  weight_decay: 0.040000  loss: 6.399430 (6.665192)  wd: 0.040000 (0.040000)  time: 0.054962  data: 0.004453  max mem: 245
DINO loss: 6.466242790222168
DINO loss: 6.2927961349487305
DINO loss: 6.541054725646973
DINO loss: 6.387182712554932
DINO loss: 6.440453052520752
DINO loss: 6.2182817459106445
DINO loss: 6.492988586425781
DINO loss: 6.368890762329102
DINO loss: 6.465659141540527
DINO loss: 6.386380195617676
Epoch: [0]  [   4060/1303223]  eta: 19:58:38  lr: 0.000000  weight_decay: 0.040000  loss: 6.405026 (6.664553)  wd: 0.040000 (0.040000)  time: 0.054958  data: 0.004452  max mem: 245
DINO loss: 6.46764612197876
DINO loss: 6.5086870193481445
DINO loss: 6.561000823974609
DINO loss: 6.55074405670166
DINO loss: 6.387676239013672
DINO loss: 6.308014392852783
DINO loss: 6.332670211791992
DINO loss: 6.351403713226318
DINO loss: 6.454655647277832
DINO loss: 6.442460536956787
Epoch: [0]  [   4070/1303223]  eta: 19:58:36  lr: 0.000000  weight_decay: 0.040000  loss: 6.440453 (6.663993)  wd: 0.040000 (0.040000)  time: 0.054946  data: 0.004439  max mem: 245
DINO loss: 6.359434604644775
DINO loss: 6.269716739654541
DINO loss: 6.406981468200684
DINO loss: 6.390040397644043
DINO loss: 6.414050579071045
DINO loss: 6.40683650970459
DINO loss: 6.403200149536133
DINO loss: 6.407693862915039
DINO loss: 6.5052103996276855
DINO loss: 6.419254302978516
Epoch: [0]  [   4080/1303223]  eta: 19:58:34  lr: 0.000000  weight_decay: 0.040000  loss: 6.406981 (6.663342)  wd: 0.040000 (0.040000)  time: 0.054945  data: 0.004444  max mem: 245
DINO loss: 6.340868949890137
DINO loss: 6.406898498535156
DINO loss: 6.284450531005859
DINO loss: 6.286533355712891
DINO loss: 6.383424758911133
DINO loss: 6.348052978515625
DINO loss: 6.490413665771484
DINO loss: 6.405178070068359
DINO loss: 6.525974273681641
DINO loss: 6.518155574798584
Epoch: [0]  [   4090/1303223]  eta: 19:58:32  lr: 0.000000  weight_decay: 0.040000  loss: 6.405178 (6.662696)  wd: 0.040000 (0.040000)  time: 0.054982  data: 0.004457  max mem: 245
DINO loss: 6.251091003417969
DINO loss: 6.418647766113281
DINO loss: 6.38037109375
DINO loss: 6.284511089324951
DINO loss: 6.379103660583496
DINO loss: 6.534930229187012
DINO loss: 6.286274433135986
DINO loss: 6.551537990570068
DINO loss: 6.3904571533203125
DINO loss: 6.454687118530273
Epoch: [0]  [   4100/1303223]  eta: 19:58:31  lr: 0.000000  weight_decay: 0.040000  loss: 6.383425 (6.662039)  wd: 0.040000 (0.040000)  time: 0.055005  data: 0.004449  max mem: 245
DINO loss: 6.353346824645996
DINO loss: 6.478952407836914
DINO loss: 6.3984575271606445
DINO loss: 6.396819114685059
DINO loss: 6.4610137939453125
DINO loss: 6.390996932983398
DINO loss: 6.400642395019531
DINO loss: 6.493890762329102
DINO loss: 6.261563777923584
DINO loss: 6.415409564971924
Epoch: [0]  [   4110/1303223]  eta: 19:58:29  lr: 0.000000  weight_decay: 0.040000  loss: 6.396819 (6.661414)  wd: 0.040000 (0.040000)  time: 0.054978  data: 0.004443  max mem: 245
DINO loss: 6.517728328704834
DINO loss: 6.355903148651123
DINO loss: 6.367761611938477
DINO loss: 6.432038307189941
DINO loss: 6.428411483764648
DINO loss: 6.311315059661865
DINO loss: 6.356150150299072
DINO loss: 6.499356746673584
DINO loss: 6.422465801239014
DINO loss: 6.455367088317871
Epoch: [0]  [   4120/1303223]  eta: 19:58:27  lr: 0.000000  weight_decay: 0.040000  loss: 6.400642 (6.660815)  wd: 0.040000 (0.040000)  time: 0.054963  data: 0.004450  max mem: 245
DINO loss: 6.313922882080078
DINO loss: 6.351890563964844
DINO loss: 6.395759582519531
DINO loss: 6.451416492462158
DINO loss: 6.279772758483887
DINO loss: 6.442584037780762
DINO loss: 6.2793989181518555
DINO loss: 6.291345596313477
DINO loss: 6.303150177001953
DINO loss: 6.456955909729004
Epoch: [0]  [   4130/1303223]  eta: 19:58:25  lr: 0.000000  weight_decay: 0.040000  loss: 6.367762 (6.660078)  wd: 0.040000 (0.040000)  time: 0.054956  data: 0.004452  max mem: 245
DINO loss: 6.368211269378662
DINO loss: 6.474586486816406
DINO loss: 6.40576696395874
DINO loss: 6.427547931671143
DINO loss: 6.429769039154053
DINO loss: 6.463571548461914
DINO loss: 6.44942569732666
DINO loss: 6.465583324432373
DINO loss: 6.329380512237549
DINO loss: 6.481620788574219
Epoch: [0]  [   4140/1303223]  eta: 19:58:24  lr: 0.000000  weight_decay: 0.040000  loss: 6.405767 (6.659522)  wd: 0.040000 (0.040000)  time: 0.054962  data: 0.004444  max mem: 245
DINO loss: 6.341493129730225
DINO loss: 6.406613349914551
DINO loss: 6.305306434631348
DINO loss: 6.319089889526367
DINO loss: 6.410185813903809
DINO loss: 6.457615375518799
DINO loss: 6.444197654724121
DINO loss: 6.334120273590088
DINO loss: 6.269856929779053
DINO loss: 6.2784013748168945
Epoch: [0]  [   4150/1303223]  eta: 19:58:22  lr: 0.000000  weight_decay: 0.040000  loss: 6.406613 (6.658792)  wd: 0.040000 (0.040000)  time: 0.054988  data: 0.004448  max mem: 245
DINO loss: 6.379239082336426
DINO loss: 6.325300693511963
DINO loss: 6.35068416595459
DINO loss: 6.374415874481201
DINO loss: 6.424056529998779
DINO loss: 6.4250898361206055
DINO loss: 6.3173747062683105
DINO loss: 6.387343883514404
DINO loss: 6.421148300170898
DINO loss: 6.448378562927246
Epoch: [0]  [   4160/1303223]  eta: 19:58:20  lr: 0.000000  weight_decay: 0.040000  loss: 6.374416 (6.658135)  wd: 0.040000 (0.040000)  time: 0.054964  data: 0.004455  max mem: 245
DINO loss: 6.344040393829346
DINO loss: 6.134916305541992
DINO loss: 6.334560394287109
DINO loss: 6.39177942276001
DINO loss: 6.29985237121582
DINO loss: 6.392364501953125
DINO loss: 6.47619104385376
DINO loss: 6.369439125061035
DINO loss: 6.509570121765137
DINO loss: 6.457195281982422
Epoch: [0]  [   4170/1303223]  eta: 19:58:19  lr: 0.000000  weight_decay: 0.040000  loss: 6.379239 (6.657446)  wd: 0.040000 (0.040000)  time: 0.054979  data: 0.004457  max mem: 245
DINO loss: 6.552513122558594
DINO loss: 6.418593883514404
DINO loss: 6.379590034484863
DINO loss: 6.297466278076172
DINO loss: 6.327371120452881
DINO loss: 6.397814750671387
DINO loss: 6.3462677001953125
DINO loss: 6.565976142883301
DINO loss: 6.377442359924316
DINO loss: 6.498796463012695
Epoch: [0]  [   4180/1303223]  eta: 19:58:17  lr: 0.000000  weight_decay: 0.040000  loss: 6.379590 (6.656869)  wd: 0.040000 (0.040000)  time: 0.055011  data: 0.004448  max mem: 245
DINO loss: 6.465185165405273
DINO loss: 6.559709548950195
DINO loss: 6.435318946838379
DINO loss: 6.412487030029297
DINO loss: 6.424020767211914
DINO loss: 6.422419548034668
DINO loss: 6.361522674560547
DINO loss: 6.532224178314209
DINO loss: 6.431893348693848
DINO loss: 6.497554779052734
Epoch: [0]  [   4190/1303223]  eta: 19:58:15  lr: 0.000000  weight_decay: 0.040000  loss: 6.422420 (6.656386)  wd: 0.040000 (0.040000)  time: 0.054943  data: 0.004438  max mem: 245
DINO loss: 6.537783622741699
DINO loss: 6.46820068359375
DINO loss: 6.368835926055908
DINO loss: 6.390856742858887
DINO loss: 6.483017444610596
DINO loss: 6.529560089111328
DINO loss: 6.249603271484375
DINO loss: 6.370587348937988
DINO loss: 6.2643280029296875
DINO loss: 6.452523231506348
Epoch: [0]  [   4200/1303223]  eta: 19:58:13  lr: 0.000000  weight_decay: 0.040000  loss: 6.431893 (6.655803)  wd: 0.040000 (0.040000)  time: 0.054902  data: 0.004440  max mem: 245
DINO loss: 6.276283264160156
DINO loss: 6.3932390213012695
DINO loss: 6.357355117797852
DINO loss: 6.421408653259277
DINO loss: 6.38076114654541
DINO loss: 6.316433429718018
DINO loss: 6.332962512969971
DINO loss: 6.439657211303711
DINO loss: 6.482152938842773
DINO loss: 6.3866777420043945
Epoch: [0]  [   4210/1303223]  eta: 19:58:11  lr: 0.000000  weight_decay: 0.040000  loss: 6.386678 (6.655145)  wd: 0.040000 (0.040000)  time: 0.054936  data: 0.004436  max mem: 245
DINO loss: 6.464524269104004
DINO loss: 6.3018083572387695
DINO loss: 6.332127094268799
DINO loss: 6.391281604766846
DINO loss: 6.27467155456543
DINO loss: 6.218395233154297
DINO loss: 6.423994541168213
DINO loss: 6.4022932052612305
DINO loss: 6.476924419403076
DINO loss: 6.483712196350098
Epoch: [0]  [   4220/1303223]  eta: 19:58:10  lr: 0.000000  weight_decay: 0.040000  loss: 6.386678 (6.654486)  wd: 0.040000 (0.040000)  time: 0.054959  data: 0.004441  max mem: 245
DINO loss: 6.305637359619141
DINO loss: 6.446477890014648
DINO loss: 6.381403923034668
DINO loss: 6.329688549041748
DINO loss: 6.488926887512207
DINO loss: 6.362101078033447
DINO loss: 6.292845249176025
DINO loss: 6.402029991149902
DINO loss: 6.401304244995117
DINO loss: 6.384271144866943
Epoch: [0]  [   4230/1303223]  eta: 19:58:08  lr: 0.000000  weight_decay: 0.040000  loss: 6.384271 (6.653836)  wd: 0.040000 (0.040000)  time: 0.054952  data: 0.004450  max mem: 245
DINO loss: 6.4095892906188965
DINO loss: 6.418483734130859
DINO loss: 6.380295753479004
DINO loss: 6.385798454284668
DINO loss: 6.360929489135742
DINO loss: 6.35064697265625
DINO loss: 6.2471160888671875
DINO loss: 6.45265531539917
DINO loss: 6.313119411468506
DINO loss: 6.348819732666016
Epoch: [0]  [   4240/1303223]  eta: 19:58:06  lr: 0.000000  weight_decay: 0.040000  loss: 6.380296 (6.653159)  wd: 0.040000 (0.040000)  time: 0.054944  data: 0.004451  max mem: 245
DINO loss: 6.434450149536133
DINO loss: 6.343893527984619
DINO loss: 6.358742713928223
DINO loss: 6.329013347625732
DINO loss: 6.457067966461182
DINO loss: 6.31559944152832
DINO loss: 6.40277624130249
DINO loss: 6.2350287437438965
DINO loss: 6.411725997924805
DINO loss: 6.180849552154541
Epoch: [0]  [   4250/1303223]  eta: 19:58:04  lr: 0.000000  weight_decay: 0.040000  loss: 6.358743 (6.652439)  wd: 0.040000 (0.040000)  time: 0.054946  data: 0.004452  max mem: 245
DINO loss: 6.540130615234375
DINO loss: 6.417906284332275
DINO loss: 6.447079181671143
DINO loss: 6.353503704071045
DINO loss: 6.341475486755371
DINO loss: 6.334023475646973
DINO loss: 6.442643165588379
DINO loss: 6.327030181884766
DINO loss: 6.3255696296691895
DINO loss: 6.348097801208496
Epoch: [0]  [   4260/1303223]  eta: 19:58:03  lr: 0.000000  weight_decay: 0.040000  loss: 6.348098 (6.651817)  wd: 0.040000 (0.040000)  time: 0.054954  data: 0.004454  max mem: 245
DINO loss: 6.263265609741211
DINO loss: 6.438645362854004
DINO loss: 6.323826789855957
DINO loss: 6.422097206115723
DINO loss: 6.395766258239746
DINO loss: 6.402678489685059
DINO loss: 6.370622158050537
DINO loss: 6.2627129554748535
DINO loss: 6.302576065063477
DINO loss: 6.345398902893066
Epoch: [0]  [   4270/1303223]  eta: 19:58:01  lr: 0.000000  weight_decay: 0.040000  loss: 6.348098 (6.651117)  wd: 0.040000 (0.040000)  time: 0.054970  data: 0.004449  max mem: 245
DINO loss: 6.335418224334717
DINO loss: 6.334342002868652
DINO loss: 6.445485591888428
DINO loss: 6.260256767272949
DINO loss: 6.18924617767334
DINO loss: 6.253574371337891
DINO loss: 6.274937152862549
DINO loss: 6.3654680252075195
DINO loss: 6.373687744140625
DINO loss: 6.356273651123047
Epoch: [0]  [   4280/1303223]  eta: 19:57:59  lr: 0.000000  weight_decay: 0.040000  loss: 6.335418 (6.650341)  wd: 0.040000 (0.040000)  time: 0.054963  data: 0.004434  max mem: 245
DINO loss: 6.427367687225342
DINO loss: 6.325118064880371
DINO loss: 6.31345272064209
DINO loss: 6.234150409698486
DINO loss: 6.385239124298096
DINO loss: 6.266438961029053
DINO loss: 6.3361735343933105
DINO loss: 6.368856430053711
DINO loss: 6.340357780456543
DINO loss: 6.278334617614746
Epoch: [0]  [   4290/1303223]  eta: 19:57:58  lr: 0.000000  weight_decay: 0.040000  loss: 6.334342 (6.649589)  wd: 0.040000 (0.040000)  time: 0.054973  data: 0.004437  max mem: 245
DINO loss: 6.290315628051758
DINO loss: 6.292145729064941
DINO loss: 6.329534530639648
DINO loss: 6.46829891204834
DINO loss: 6.212654113769531
DINO loss: 6.253828048706055
DINO loss: 6.330378532409668
DINO loss: 6.276490688323975
DINO loss: 6.449922561645508
DINO loss: 6.47459077835083
Epoch: [0]  [   4300/1303223]  eta: 19:57:56  lr: 0.000000  weight_decay: 0.040000  loss: 6.325118 (6.648864)  wd: 0.040000 (0.040000)  time: 0.055025  data: 0.004456  max mem: 245
DINO loss: 6.240965843200684
DINO loss: 6.193086624145508
DINO loss: 6.322718620300293
DINO loss: 6.540371894836426
DINO loss: 6.222442626953125
DINO loss: 6.553600788116455
DINO loss: 6.4057111740112305
DINO loss: 6.280702590942383
DINO loss: 6.419521331787109
DINO loss: 6.389720916748047
Epoch: [0]  [   4310/1303223]  eta: 19:57:55  lr: 0.000000  weight_decay: 0.040000  loss: 6.322719 (6.648187)  wd: 0.040000 (0.040000)  time: 0.055044  data: 0.004455  max mem: 245
DINO loss: 6.314510345458984
DINO loss: 6.438117980957031
DINO loss: 6.39859676361084
DINO loss: 6.390745639801025
DINO loss: 6.290510177612305
DINO loss: 6.217203140258789
DINO loss: 6.275869369506836
DINO loss: 6.345027923583984
DINO loss: 6.444889068603516
DINO loss: 6.332241535186768
Epoch: [0]  [   4320/1303223]  eta: 19:57:53  lr: 0.000000  weight_decay: 0.040000  loss: 6.332242 (6.647484)  wd: 0.040000 (0.040000)  time: 0.054980  data: 0.004439  max mem: 245
DINO loss: 6.442684173583984
DINO loss: 6.33370304107666
DINO loss: 6.308291435241699
DINO loss: 6.3764848709106445
DINO loss: 6.165392875671387
DINO loss: 6.345360279083252
DINO loss: 6.397200584411621
DINO loss: 6.398093223571777
DINO loss: 6.240805625915527
DINO loss: 6.366021156311035
Epoch: [0]  [   4330/1303223]  eta: 19:57:51  lr: 0.000000  weight_decay: 0.040000  loss: 6.345028 (6.646769)  wd: 0.040000 (0.040000)  time: 0.054938  data: 0.004448  max mem: 245
DINO loss: 6.282441139221191
DINO loss: 6.3117852210998535
DINO loss: 6.406197547912598
DINO loss: 6.181784629821777
DINO loss: 6.291937828063965
DINO loss: 6.267105579376221
DINO loss: 6.225979804992676
DINO loss: 6.251941680908203
DINO loss: 6.372984886169434
DINO loss: 6.285648345947266
Epoch: [0]  [   4340/1303223]  eta: 19:57:49  lr: 0.000000  weight_decay: 0.040000  loss: 6.308291 (6.645942)  wd: 0.040000 (0.040000)  time: 0.054929  data: 0.004453  max mem: 245
DINO loss: 6.388699531555176
DINO loss: 6.385674476623535
DINO loss: 6.220554351806641
DINO loss: 6.288397789001465
DINO loss: 6.308040618896484
DINO loss: 6.249863147735596
DINO loss: 6.305245399475098
DINO loss: 6.399594783782959
DINO loss: 6.550623893737793
DINO loss: 6.265430450439453
Epoch: [0]  [   4350/1303223]  eta: 19:57:48  lr: 0.000000  weight_decay: 0.040000  loss: 6.288398 (6.645230)  wd: 0.040000 (0.040000)  time: 0.054902  data: 0.004440  max mem: 245
DINO loss: 6.312805652618408
DINO loss: 6.302164554595947
DINO loss: 6.235949516296387
DINO loss: 6.481734752655029
DINO loss: 6.4583234786987305
DINO loss: 6.30640983581543
DINO loss: 6.3284502029418945
DINO loss: 6.335556983947754
DINO loss: 6.322751998901367
DINO loss: 6.396312236785889
Epoch: [0]  [   4360/1303223]  eta: 19:57:46  lr: 0.000000  weight_decay: 0.040000  loss: 6.312806 (6.644548)  wd: 0.040000 (0.040000)  time: 0.054931  data: 0.004442  max mem: 245
DINO loss: 6.177349090576172
DINO loss: 6.194893836975098
DINO loss: 6.296429634094238
DINO loss: 6.385334014892578
DINO loss: 6.361827850341797
DINO loss: 6.370189189910889
DINO loss: 6.33978271484375
DINO loss: 6.302698135375977
DINO loss: 6.413842678070068
DINO loss: 6.272792816162109
Epoch: [0]  [   4370/1303223]  eta: 19:57:44  lr: 0.000000  weight_decay: 0.040000  loss: 6.322752 (6.643786)  wd: 0.040000 (0.040000)  time: 0.054997  data: 0.004450  max mem: 245
DINO loss: 6.231660842895508
DINO loss: 6.425658226013184
DINO loss: 6.484365463256836
DINO loss: 6.271307945251465
DINO loss: 6.232693672180176
DINO loss: 6.325595855712891
DINO loss: 6.274969100952148
DINO loss: 6.349382400512695
DINO loss: 6.310746192932129
DINO loss: 6.381868839263916
Epoch: [0]  [   4380/1303223]  eta: 19:57:43  lr: 0.000000  weight_decay: 0.040000  loss: 6.310746 (6.643067)  wd: 0.040000 (0.040000)  time: 0.055021  data: 0.004446  max mem: 245
DINO loss: 6.317441940307617
DINO loss: 6.338823318481445
DINO loss: 6.19868803024292
DINO loss: 6.354173183441162
DINO loss: 6.302181243896484
DINO loss: 6.339229583740234
DINO loss: 6.2917985916137695
DINO loss: 6.403550624847412
DINO loss: 6.393282890319824
DINO loss: 6.217137336730957
Epoch: [0]  [   4390/1303223]  eta: 19:57:41  lr: 0.000000  weight_decay: 0.040000  loss: 6.317442 (6.642322)  wd: 0.040000 (0.040000)  time: 0.054988  data: 0.004435  max mem: 245
DINO loss: 6.2488603591918945
DINO loss: 6.393962860107422
DINO loss: 6.284915924072266
DINO loss: 6.302057266235352
DINO loss: 6.250004291534424
DINO loss: 6.516086101531982
DINO loss: 6.187190532684326
DINO loss: 6.467533111572266
DINO loss: 6.211031913757324
DINO loss: 6.261152267456055
Epoch: [0]  [   4400/1303223]  eta: 19:57:40  lr: 0.000000  weight_decay: 0.040000  loss: 6.302057 (6.641572)  wd: 0.040000 (0.040000)  time: 0.054996  data: 0.004439  max mem: 245
DINO loss: 6.38892936706543
DINO loss: 6.351914405822754
DINO loss: 6.232914447784424
DINO loss: 6.327106475830078
DINO loss: 6.231500625610352
DINO loss: 6.327960968017578
DINO loss: 6.355365753173828
DINO loss: 6.277639389038086
DINO loss: 6.316720962524414
DINO loss: 6.44478702545166
Epoch: [0]  [   4410/1303223]  eta: 19:57:38  lr: 0.000000  weight_decay: 0.040000  loss: 6.302057 (6.640855)  wd: 0.040000 (0.040000)  time: 0.055013  data: 0.004450  max mem: 245
DINO loss: 6.402783393859863
DINO loss: 6.354305267333984
DINO loss: 6.357552528381348
DINO loss: 6.323637008666992
DINO loss: 6.407524108886719
DINO loss: 6.35496711730957
DINO loss: 6.238893508911133
DINO loss: 6.277591705322266
DINO loss: 6.2499098777771
DINO loss: 6.348821640014648
Epoch: [0]  [   4420/1303223]  eta: 19:57:37  lr: 0.000000  weight_decay: 0.040000  loss: 6.327961 (6.640156)  wd: 0.040000 (0.040000)  time: 0.054998  data: 0.004440  max mem: 245
DINO loss: 6.285586833953857
DINO loss: 6.325640678405762
DINO loss: 6.320753574371338
DINO loss: 6.290139198303223
DINO loss: 6.336174964904785
DINO loss: 6.30207633972168
DINO loss: 6.293604373931885
DINO loss: 6.411929130554199
DINO loss: 6.2750372886657715
DINO loss: 6.309789657592773
Epoch: [0]  [   4430/1303223]  eta: 19:57:35  lr: 0.000000  weight_decay: 0.040000  loss: 6.320754 (6.639422)  wd: 0.040000 (0.040000)  time: 0.054979  data: 0.004442  max mem: 245
DINO loss: 6.2837066650390625
DINO loss: 6.460021018981934
DINO loss: 6.238029956817627
DINO loss: 6.256752014160156
DINO loss: 6.253636837005615
DINO loss: 6.356614112854004
DINO loss: 6.361152172088623
DINO loss: 6.402579307556152
DINO loss: 6.261990070343018
DINO loss: 6.335315227508545
Epoch: [0]  [   4440/1303223]  eta: 19:57:34  lr: 0.000000  weight_decay: 0.040000  loss: 6.302076 (6.638705)  wd: 0.040000 (0.040000)  time: 0.054977  data: 0.004447  max mem: 245
DINO loss: 6.308254718780518
DINO loss: 6.25942325592041
DINO loss: 6.342532157897949
DINO loss: 6.3487091064453125
DINO loss: 6.369654655456543
DINO loss: 6.440176010131836
DINO loss: 6.154651641845703
DINO loss: 6.259876251220703
DINO loss: 6.368289947509766
DINO loss: 6.170532703399658
Epoch: [0]  [   4450/1303223]  eta: 19:57:32  lr: 0.000000  weight_decay: 0.040000  loss: 6.308255 (6.637949)  wd: 0.040000 (0.040000)  time: 0.054995  data: 0.004445  max mem: 245
DINO loss: 6.230673789978027
DINO loss: 6.325692176818848
DINO loss: 6.3107452392578125
DINO loss: 6.272769451141357
DINO loss: 6.310574531555176
DINO loss: 6.361880302429199
DINO loss: 6.409384727478027
DINO loss: 6.375641822814941
DINO loss: 6.259797096252441
DINO loss: 6.376357078552246
Epoch: [0]  [   4460/1303223]  eta: 19:57:31  lr: 0.000000  weight_decay: 0.040000  loss: 6.310745 (6.637244)  wd: 0.040000 (0.040000)  time: 0.055017  data: 0.004442  max mem: 245
DINO loss: 6.216400146484375
DINO loss: 6.2360734939575195
DINO loss: 6.349505424499512
DINO loss: 6.455096244812012
DINO loss: 6.338183879852295
DINO loss: 6.347803115844727
DINO loss: 6.26045036315918
DINO loss: 6.364602088928223
DINO loss: 6.346370697021484
DINO loss: 6.422755241394043
Epoch: [0]  [   4470/1303223]  eta: 19:57:29  lr: 0.000000  weight_decay: 0.040000  loss: 6.338184 (6.636565)  wd: 0.040000 (0.040000)  time: 0.055008  data: 0.004435  max mem: 245
DINO loss: 6.314714431762695
DINO loss: 6.477970600128174
DINO loss: 6.257465362548828
DINO loss: 6.146273612976074
DINO loss: 6.429974555969238
DINO loss: 6.185235977172852
DINO loss: 6.502903461456299
DINO loss: 6.322597026824951
DINO loss: 6.163213729858398
DINO loss: 6.3374528884887695
Epoch: [0]  [   4480/1303223]  eta: 19:57:28  lr: 0.000000  weight_decay: 0.040000  loss: 6.337453 (6.635845)  wd: 0.040000 (0.040000)  time: 0.054987  data: 0.004444  max mem: 245
DINO loss: 6.256730079650879
DINO loss: 6.2979631423950195
DINO loss: 6.405250549316406
DINO loss: 6.211166858673096
DINO loss: 6.281343460083008
DINO loss: 6.298763275146484
DINO loss: 6.392071723937988
DINO loss: 6.428958892822266
DINO loss: 6.244415760040283
DINO loss: 6.306398391723633
Epoch: [0]  [   4490/1303223]  eta: 19:57:26  lr: 0.000000  weight_decay: 0.040000  loss: 6.298763 (6.635124)  wd: 0.040000 (0.040000)  time: 0.055001  data: 0.004445  max mem: 245
DINO loss: 6.3681230545043945
DINO loss: 6.318212509155273
DINO loss: 6.368736267089844
DINO loss: 6.461618423461914
DINO loss: 6.145880699157715
DINO loss: 6.356124401092529
DINO loss: 6.233553886413574
DINO loss: 6.37354040145874
DINO loss: 6.266505241394043
DINO loss: 6.290824890136719
Epoch: [0]  [   4500/1303223]  eta: 19:57:25  lr: 0.000000  weight_decay: 0.040000  loss: 6.298763 (6.634420)  wd: 0.040000 (0.040000)  time: 0.055045  data: 0.004439  max mem: 245
DINO loss: 6.16658353805542
DINO loss: 6.428188800811768
DINO loss: 6.330955505371094
DINO loss: 6.430554389953613
DINO loss: 6.2038421630859375
DINO loss: 6.2312445640563965
DINO loss: 6.278973579406738
DINO loss: 6.231804847717285
DINO loss: 6.381158828735352
DINO loss: 6.294851303100586
Epoch: [0]  [   4510/1303223]  eta: 19:57:24  lr: 0.000000  weight_decay: 0.040000  loss: 6.294851 (6.633674)  wd: 0.040000 (0.040000)  time: 0.055051  data: 0.004458  max mem: 245
DINO loss: 6.382435321807861
DINO loss: 6.330592632293701
DINO loss: 6.301072597503662
DINO loss: 6.143995761871338
DINO loss: 6.249960422515869
DINO loss: 6.246463298797607
DINO loss: 6.341279983520508
DINO loss: 6.2333807945251465
DINO loss: 6.444831848144531
DINO loss: 6.200204849243164
Epoch: [0]  [   4520/1303223]  eta: 19:57:22  lr: 0.000000  weight_decay: 0.040000  loss: 6.278974 (6.632908)  wd: 0.040000 (0.040000)  time: 0.055002  data: 0.004453  max mem: 245
DINO loss: 6.268972873687744
DINO loss: 6.26812744140625
DINO loss: 6.328500747680664
DINO loss: 6.362295627593994
DINO loss: 6.55763053894043
DINO loss: 6.333648681640625
DINO loss: 6.378798484802246
DINO loss: 6.317521095275879
DINO loss: 6.213283061981201
DINO loss: 6.3310394287109375
Epoch: [0]  [   4530/1303223]  eta: 19:57:21  lr: 0.000000  weight_decay: 0.040000  loss: 6.317521 (6.632253)  wd: 0.040000 (0.040000)  time: 0.055003  data: 0.004436  max mem: 245
DINO loss: 6.263732433319092
DINO loss: 6.333662033081055
DINO loss: 6.462780952453613
DINO loss: 6.388214111328125
DINO loss: 6.36457633972168
DINO loss: 6.15185546875
DINO loss: 6.418169021606445
DINO loss: 6.245494842529297
DINO loss: 6.2183732986450195
DINO loss: 6.402480125427246
Epoch: [0]  [   4540/1303223]  eta: 19:57:19  lr: 0.000000  weight_decay: 0.040000  loss: 6.331039 (6.631576)  wd: 0.040000 (0.040000)  time: 0.055008  data: 0.004450  max mem: 245
DINO loss: 6.134592533111572
DINO loss: 6.279977321624756
DINO loss: 6.227806091308594
DINO loss: 6.340077877044678
DINO loss: 6.285615921020508
DINO loss: 6.328468322753906
DINO loss: 6.179123878479004
DINO loss: 6.2623796463012695
DINO loss: 6.294475555419922
DINO loss: 6.414987564086914
Epoch: [0]  [   4550/1303223]  eta: 19:57:18  lr: 0.000000  weight_decay: 0.040000  loss: 6.285616 (6.630792)  wd: 0.040000 (0.040000)  time: 0.054955  data: 0.004445  max mem: 245
DINO loss: 6.3078742027282715
DINO loss: 6.402284622192383
DINO loss: 6.201250076293945
DINO loss: 6.271877288818359
DINO loss: 6.279081344604492
DINO loss: 6.420456886291504
DINO loss: 6.458761692047119
DINO loss: 6.308807849884033
DINO loss: 6.354994773864746
DINO loss: 6.342762470245361
Epoch: [0]  [   4560/1303223]  eta: 19:57:16  lr: 0.000000  weight_decay: 0.040000  loss: 6.294476 (6.630143)  wd: 0.040000 (0.040000)  time: 0.054927  data: 0.004431  max mem: 245
DINO loss: 6.368799686431885
DINO loss: 6.418996334075928
DINO loss: 6.330683708190918
DINO loss: 6.330700397491455
DINO loss: 6.3081464767456055
DINO loss: 6.288112640380859
DINO loss: 6.456883430480957
DINO loss: 6.480138778686523
DINO loss: 6.130255699157715
DINO loss: 6.205997943878174
Epoch: [0]  [   4570/1303223]  eta: 19:57:14  lr: 0.000000  weight_decay: 0.040000  loss: 6.330684 (6.629491)  wd: 0.040000 (0.040000)  time: 0.054969  data: 0.004447  max mem: 245
DINO loss: 6.242648124694824
DINO loss: 6.310611724853516
DINO loss: 6.256702899932861
DINO loss: 6.18643045425415
DINO loss: 6.258634567260742
DINO loss: 6.186579704284668
DINO loss: 6.325067043304443
DINO loss: 6.415800094604492
DINO loss: 6.3708391189575195
DINO loss: 6.126313209533691
Epoch: [0]  [   4580/1303223]  eta: 19:57:13  lr: 0.000000  weight_decay: 0.040000  loss: 6.308146 (6.628701)  wd: 0.040000 (0.040000)  time: 0.054976  data: 0.004453  max mem: 245
DINO loss: 6.375698566436768
DINO loss: 6.272280693054199
DINO loss: 6.180713653564453
DINO loss: 6.2891411781311035
DINO loss: 6.282032012939453
DINO loss: 6.245143413543701
DINO loss: 6.253801345825195
DINO loss: 6.344935417175293
DINO loss: 6.17575740814209
DINO loss: 6.321216583251953
Epoch: [0]  [   4590/1303223]  eta: 19:57:11  lr: 0.000000  weight_decay: 0.040000  loss: 6.258635 (6.627929)  wd: 0.040000 (0.040000)  time: 0.054963  data: 0.004448  max mem: 245
DINO loss: 6.365625858306885
DINO loss: 6.276144981384277
DINO loss: 6.378393650054932
DINO loss: 6.265820026397705
DINO loss: 6.391851425170898
DINO loss: 6.319390296936035
DINO loss: 6.26920223236084
DINO loss: 6.280450344085693
DINO loss: 6.179363250732422
DINO loss: 6.329901218414307
Epoch: [0]  [   4600/1303223]  eta: 19:57:10  lr: 0.000000  weight_decay: 0.040000  loss: 6.280450 (6.627228)  wd: 0.040000 (0.040000)  time: 0.054981  data: 0.004444  max mem: 245
DINO loss: 6.24805212020874
DINO loss: 6.212432861328125
DINO loss: 6.322941780090332
DINO loss: 6.195818901062012
DINO loss: 6.280548095703125
DINO loss: 6.209417343139648
DINO loss: 6.156085968017578
DINO loss: 6.35430908203125
DINO loss: 6.275489330291748
DINO loss: 6.298740386962891
Epoch: [0]  [   4610/1303223]  eta: 19:57:08  lr: 0.000000  weight_decay: 0.040000  loss: 6.276145 (6.626422)  wd: 0.040000 (0.040000)  time: 0.054975  data: 0.004441  max mem: 245
DINO loss: 6.259625434875488
DINO loss: 6.3072662353515625
DINO loss: 6.174773216247559
DINO loss: 6.151277542114258
DINO loss: 6.257232666015625
DINO loss: 6.156945705413818
DINO loss: 6.276845932006836
DINO loss: 6.371373176574707
DINO loss: 6.341838836669922
DINO loss: 6.156789302825928
Epoch: [0]  [   4620/1303223]  eta: 19:57:07  lr: 0.000000  weight_decay: 0.040000  loss: 6.257233 (6.625597)  wd: 0.040000 (0.040000)  time: 0.054977  data: 0.004442  max mem: 245
DINO loss: 6.336603164672852
DINO loss: 6.237443923950195
DINO loss: 6.161006927490234
DINO loss: 6.071636199951172
DINO loss: 6.286533355712891
DINO loss: 6.220547676086426
DINO loss: 6.360720634460449
DINO loss: 6.293083190917969
DINO loss: 6.407952785491943
DINO loss: 6.291872024536133
Epoch: [0]  [   4630/1303223]  eta: 19:57:05  lr: 0.000000  weight_decay: 0.040000  loss: 6.259625 (6.624823)  wd: 0.040000 (0.040000)  time: 0.054979  data: 0.004436  max mem: 245
DINO loss: 6.415151596069336
DINO loss: 6.158926010131836
DINO loss: 6.135047912597656
DINO loss: 6.362032890319824
DINO loss: 6.2675089836120605
DINO loss: 6.144309997558594
DINO loss: 6.409518241882324
DINO loss: 6.259930610656738
DINO loss: 6.299694538116455
DINO loss: 6.296893119812012
Epoch: [0]  [   4640/1303223]  eta: 19:57:04  lr: 0.000000  weight_decay: 0.040000  loss: 6.286533 (6.624069)  wd: 0.040000 (0.040000)  time: 0.055000  data: 0.004432  max mem: 245
DINO loss: 6.283675193786621
DINO loss: 6.340558052062988
DINO loss: 6.248648643493652
DINO loss: 6.257534027099609
DINO loss: 6.445924758911133
DINO loss: 6.147054672241211
DINO loss: 6.292984485626221
DINO loss: 6.2646284103393555
DINO loss: 6.249862194061279
DINO loss: 6.365753650665283
Epoch: [0]  [   4650/1303223]  eta: 19:57:03  lr: 0.000000  weight_decay: 0.040000  loss: 6.267509 (6.623350)  wd: 0.040000 (0.040000)  time: 0.054996  data: 0.004444  max mem: 245
DINO loss: 6.302807807922363
DINO loss: 6.386252403259277
DINO loss: 6.233001708984375
DINO loss: 6.2931904792785645
DINO loss: 6.305731296539307
DINO loss: 6.298658847808838
DINO loss: 6.196653366088867
DINO loss: 6.420533180236816
DINO loss: 6.401856899261475
DINO loss: 6.422747611999512
Epoch: [0]  [   4660/1303223]  eta: 19:57:01  lr: 0.000000  weight_decay: 0.040000  loss: 6.293190 (6.622712)  wd: 0.040000 (0.040000)  time: 0.054981  data: 0.004442  max mem: 245
DINO loss: 6.260853290557861
DINO loss: 6.262637138366699
DINO loss: 6.219923973083496
DINO loss: 6.169275760650635
DINO loss: 6.229875564575195
DINO loss: 6.148165225982666
DINO loss: 6.154428005218506
DINO loss: 6.303741931915283
DINO loss: 6.241674423217773
DINO loss: 6.286238670349121
Epoch: [0]  [   4670/1303223]  eta: 19:57:00  lr: 0.000000  weight_decay: 0.040000  loss: 6.262637 (6.621866)  wd: 0.040000 (0.040000)  time: 0.054976  data: 0.004436  max mem: 245
DINO loss: 6.2436442375183105
DINO loss: 6.363343238830566
DINO loss: 6.365473747253418
DINO loss: 6.3747968673706055
DINO loss: 6.402729034423828
DINO loss: 6.250847816467285
DINO loss: 6.336773872375488
DINO loss: 6.249786376953125
DINO loss: 6.3610334396362305
DINO loss: 6.354997634887695
Epoch: [0]  [   4680/1303223]  eta: 19:56:58  lr: 0.000000  weight_decay: 0.040000  loss: 6.260853 (6.621243)  wd: 0.040000 (0.040000)  time: 0.054987  data: 0.004446  max mem: 245
DINO loss: 6.302916526794434
DINO loss: 6.285491943359375
DINO loss: 6.361054420471191
DINO loss: 6.336431980133057
DINO loss: 6.2094197273254395
DINO loss: 6.27603816986084
DINO loss: 6.165214538574219
DINO loss: 6.257926940917969
DINO loss: 6.268588066101074
DINO loss: 6.119114398956299
Epoch: [0]  [   4690/1303223]  eta: 19:56:57  lr: 0.000000  weight_decay: 0.040000  loss: 6.285492 (6.620470)  wd: 0.040000 (0.040000)  time: 0.054972  data: 0.004443  max mem: 245
DINO loss: 6.042786121368408
DINO loss: 6.442058563232422
DINO loss: 6.398284912109375
DINO loss: 6.216061592102051
DINO loss: 6.329090595245361
DINO loss: 6.409023284912109
DINO loss: 6.192193984985352
DINO loss: 6.3752031326293945
DINO loss: 6.137070655822754
DINO loss: 6.183474540710449
Epoch: [0]  [   4700/1303223]  eta: 19:56:55  lr: 0.000000  weight_decay: 0.040000  loss: 6.268588 (6.619729)  wd: 0.040000 (0.040000)  time: 0.054952  data: 0.004434  max mem: 245
DINO loss: 6.350818634033203
DINO loss: 6.1851348876953125
DINO loss: 6.376702308654785
DINO loss: 6.193063735961914
DINO loss: 6.1621832847595215
DINO loss: 6.298187255859375
DINO loss: 6.185924530029297
DINO loss: 6.169844627380371
DINO loss: 6.312034606933594
DINO loss: 6.143075466156006
Epoch: [0]  [   4710/1303223]  eta: 19:56:54  lr: 0.000000  weight_decay: 0.040000  loss: 6.193064 (6.618918)  wd: 0.040000 (0.040000)  time: 0.054983  data: 0.004435  max mem: 245
DINO loss: 6.237530708312988
DINO loss: 6.049985885620117
DINO loss: 6.380234718322754
DINO loss: 6.258605003356934
DINO loss: 6.223010540008545
DINO loss: 6.215446949005127
DINO loss: 6.220223426818848
DINO loss: 6.225579738616943
DINO loss: 6.166537284851074
DINO loss: 6.3643999099731445
Epoch: [0]  [   4720/1303223]  eta: 19:56:52  lr: 0.000000  weight_decay: 0.040000  loss: 6.220223 (6.618103)  wd: 0.040000 (0.040000)  time: 0.054977  data: 0.004438  max mem: 245
DINO loss: 6.252120018005371
DINO loss: 6.22714900970459
DINO loss: 6.318007946014404
DINO loss: 6.258882999420166
DINO loss: 6.374675750732422
DINO loss: 6.282073974609375
DINO loss: 6.28230094909668
DINO loss: 6.318598747253418
DINO loss: 6.266443729400635
DINO loss: 6.250646591186523
Epoch: [0]  [   4730/1303223]  eta: 19:56:51  lr: 0.000000  weight_decay: 0.040000  loss: 6.252120 (6.617395)  wd: 0.040000 (0.040000)  time: 0.054980  data: 0.004442  max mem: 245
DINO loss: 6.167330265045166
DINO loss: 6.097050666809082
DINO loss: 6.1250457763671875
DINO loss: 6.274782180786133
DINO loss: 6.313324451446533
DINO loss: 6.187972545623779
DINO loss: 6.074944496154785
DINO loss: 6.17673397064209
DINO loss: 6.2527642250061035
DINO loss: 6.367478370666504
Epoch: [0]  [   4740/1303223]  eta: 19:56:49  lr: 0.000000  weight_decay: 0.040000  loss: 6.252764 (6.616523)  wd: 0.040000 (0.040000)  time: 0.054976  data: 0.004444  max mem: 245
DINO loss: 6.454620361328125
DINO loss: 6.363035678863525
DINO loss: 6.414798259735107
DINO loss: 6.235649108886719
DINO loss: 6.260071754455566
DINO loss: 6.160951614379883
DINO loss: 6.327898025512695
DINO loss: 6.362271308898926
DINO loss: 6.366207122802734
DINO loss: 6.126769065856934
Epoch: [0]  [   4750/1303223]  eta: 19:56:48  lr: 0.000000  weight_decay: 0.040000  loss: 6.252764 (6.615872)  wd: 0.040000 (0.040000)  time: 0.054964  data: 0.004442  max mem: 245
DINO loss: 6.28088903427124
DINO loss: 6.263086318969727
DINO loss: 6.251259803771973
DINO loss: 6.272668838500977
DINO loss: 6.1526689529418945
DINO loss: 6.223154544830322
DINO loss: 6.191671371459961
DINO loss: 6.197909355163574
DINO loss: 6.203350067138672
DINO loss: 6.2189483642578125
Epoch: [0]  [   4760/1303223]  eta: 19:56:46  lr: 0.000000  weight_decay: 0.040000  loss: 6.251260 (6.615052)  wd: 0.040000 (0.040000)  time: 0.054986  data: 0.004446  max mem: 245
DINO loss: 6.181957244873047
DINO loss: 6.243419647216797
DINO loss: 6.21295690536499
DINO loss: 6.196340560913086
DINO loss: 6.287021636962891
DINO loss: 6.329492568969727
DINO loss: 6.11550235748291
DINO loss: 6.175111293792725
DINO loss: 6.253213882446289
DINO loss: 6.112476348876953
Epoch: [0]  [   4770/1303223]  eta: 19:56:45  lr: 0.000000  weight_decay: 0.040000  loss: 6.212957 (6.614205)  wd: 0.040000 (0.040000)  time: 0.054976  data: 0.004433  max mem: 245
DINO loss: 6.2386579513549805
DINO loss: 6.187751770019531
DINO loss: 6.188670635223389
DINO loss: 6.371440410614014
DINO loss: 6.286588668823242
DINO loss: 6.4251251220703125
DINO loss: 6.129116058349609
DINO loss: 6.260395050048828
DINO loss: 6.057353973388672
DINO loss: 6.075212478637695
Epoch: [0]  [   4780/1303223]  eta: 19:56:43  lr: 0.000000  weight_decay: 0.040000  loss: 6.196341 (6.613384)  wd: 0.040000 (0.040000)  time: 0.054932  data: 0.004429  max mem: 245
DINO loss: 6.181488513946533
DINO loss: 6.140642166137695
DINO loss: 6.218749523162842
DINO loss: 6.2317962646484375
DINO loss: 6.223801612854004
DINO loss: 6.289139747619629
DINO loss: 6.2005743980407715
DINO loss: 6.148261547088623
DINO loss: 6.1887664794921875
DINO loss: 6.288718223571777
Epoch: [0]  [   4790/1303223]  eta: 19:56:42  lr: 0.000000  weight_decay: 0.040000  loss: 6.200574 (6.612545)  wd: 0.040000 (0.040000)  time: 0.054979  data: 0.004451  max mem: 245
DINO loss: 6.2333984375
DINO loss: 6.214167594909668
DINO loss: 6.137028217315674
DINO loss: 6.145998001098633
DINO loss: 6.2800774574279785
DINO loss: 6.136804103851318
DINO loss: 6.197449684143066
DINO loss: 6.172654151916504
DINO loss: 6.194483757019043
DINO loss: 6.4517412185668945
Epoch: [0]  [   4800/1303223]  eta: 19:56:41  lr: 0.000000  weight_decay: 0.040000  loss: 6.197450 (6.611720)  wd: 0.040000 (0.040000)  time: 0.055061  data: 0.004458  max mem: 245
DINO loss: 6.3090410232543945
DINO loss: 6.291637897491455
DINO loss: 6.033212184906006
DINO loss: 6.326056003570557
DINO loss: 6.113642692565918
DINO loss: 6.2404961585998535
DINO loss: 6.253057479858398
DINO loss: 6.19990873336792
DINO loss: 6.2839250564575195
DINO loss: 6.363974571228027
Epoch: [0]  [   4810/1303223]  eta: 19:56:40  lr: 0.000000  weight_decay: 0.040000  loss: 6.214168 (6.610950)  wd: 0.040000 (0.040000)  time: 0.055046  data: 0.004446  max mem: 245
DINO loss: 6.1724090576171875
DINO loss: 6.260306358337402
DINO loss: 6.238210678100586
DINO loss: 6.302316665649414
DINO loss: 6.1029815673828125
DINO loss: 6.136028289794922
DINO loss: 6.261468887329102
DINO loss: 6.138442039489746
DINO loss: 6.264949321746826
DINO loss: 6.2046709060668945
Epoch: [0]  [   4820/1303223]  eta: 19:56:38  lr: 0.000000  weight_decay: 0.040000  loss: 6.240496 (6.610115)  wd: 0.040000 (0.040000)  time: 0.054991  data: 0.004446  max mem: 245
DINO loss: 5.997419357299805
DINO loss: 6.001731872558594
DINO loss: 6.364424705505371
DINO loss: 6.213582515716553
DINO loss: 6.108464241027832
DINO loss: 6.179635047912598
DINO loss: 6.291567802429199
DINO loss: 6.058825969696045
DINO loss: 6.085693359375
DINO loss: 6.260978698730469
Epoch: [0]  [   4830/1303223]  eta: 19:56:37  lr: 0.000000  weight_decay: 0.040000  loss: 6.179635 (6.609175)  wd: 0.040000 (0.040000)  time: 0.054968  data: 0.004453  max mem: 245
DINO loss: 6.294474124908447
DINO loss: 6.305802345275879
DINO loss: 6.362020492553711
DINO loss: 6.0925068855285645
DINO loss: 6.127500534057617
DINO loss: 6.248366355895996
DINO loss: 6.204654693603516
DINO loss: 6.337704181671143
DINO loss: 6.17249870300293
DINO loss: 6.265470504760742
Epoch: [0]  [   4840/1303223]  eta: 19:56:35  lr: 0.000000  weight_decay: 0.040000  loss: 6.204655 (6.608415)  wd: 0.040000 (0.040000)  time: 0.054946  data: 0.004442  max mem: 245
DINO loss: 6.209131240844727
DINO loss: 6.239457130432129
DINO loss: 6.302908897399902
DINO loss: 6.276001930236816
DINO loss: 6.2912373542785645
DINO loss: 6.13212776184082
DINO loss: 6.182096004486084
DINO loss: 6.202366352081299
DINO loss: 6.259206771850586
DINO loss: 6.230573654174805
Epoch: [0]  [   4850/1303223]  eta: 19:56:34  lr: 0.000000  weight_decay: 0.040000  loss: 6.239457 (6.607640)  wd: 0.040000 (0.040000)  time: 0.054960  data: 0.004444  max mem: 245
DINO loss: 6.325434684753418
DINO loss: 6.282561302185059
DINO loss: 6.239597320556641
DINO loss: 6.332176208496094
DINO loss: 6.1858086585998535
DINO loss: 6.284397125244141
DINO loss: 6.120365142822266
DINO loss: 6.337188243865967
DINO loss: 6.197219371795654
DINO loss: 6.209795951843262
Epoch: [0]  [   4860/1303223]  eta: 19:56:33  lr: 0.000000  weight_decay: 0.040000  loss: 6.239457 (6.606907)  wd: 0.040000 (0.040000)  time: 0.054997  data: 0.004445  max mem: 245
DINO loss: 6.164037227630615
DINO loss: 6.206175327301025
DINO loss: 6.128720283508301
DINO loss: 6.126430511474609
DINO loss: 6.1827287673950195
DINO loss: 6.308778285980225
DINO loss: 6.238785743713379
DINO loss: 6.180517196655273
DINO loss: 6.113402366638184
DINO loss: 6.039481163024902
Epoch: [0]  [   4870/1303223]  eta: 19:56:31  lr: 0.000000  weight_decay: 0.040000  loss: 6.197219 (6.606008)  wd: 0.040000 (0.040000)  time: 0.055027  data: 0.004437  max mem: 245
DINO loss: 6.112607955932617
DINO loss: 6.123655319213867
DINO loss: 6.173225402832031
DINO loss: 6.134239673614502
DINO loss: 6.246692657470703
DINO loss: 6.142153263092041
DINO loss: 6.131431579589844
DINO loss: 6.151954650878906
DINO loss: 6.280925750732422
DINO loss: 6.443537712097168
Epoch: [0]  [   4880/1303223]  eta: 19:56:30  lr: 0.000000  weight_decay: 0.040000  loss: 6.151955 (6.605164)  wd: 0.040000 (0.040000)  time: 0.055028  data: 0.004437  max mem: 245
DINO loss: 5.980400085449219
DINO loss: 5.960175514221191
DINO loss: 6.166748046875
DINO loss: 6.279201507568359
DINO loss: 6.33221435546875
DINO loss: 6.381017684936523
DINO loss: 6.120455265045166
DINO loss: 6.367750644683838
DINO loss: 6.341724395751953
DINO loss: 6.19386625289917
Epoch: [0]  [   4890/1303223]  eta: 19:56:29  lr: 0.000000  weight_decay: 0.040000  loss: 6.166748 (6.604361)  wd: 0.040000 (0.040000)  time: 0.054997  data: 0.004437  max mem: 245
DINO loss: 6.152211666107178
DINO loss: 6.260135650634766
DINO loss: 6.124770164489746
DINO loss: 6.033926963806152
DINO loss: 6.201298713684082
DINO loss: 6.153646469116211
DINO loss: 6.170340538024902
DINO loss: 6.154379367828369
DINO loss: 6.284152030944824
DINO loss: 6.187787055969238
Epoch: [0]  [   4900/1303223]  eta: 19:56:27  lr: 0.000000  weight_decay: 0.040000  loss: 6.170341 (6.603479)  wd: 0.040000 (0.040000)  time: 0.055015  data: 0.004441  max mem: 245
DINO loss: 6.110588073730469
DINO loss: 5.961207866668701
DINO loss: 6.244993209838867
DINO loss: 6.1061859130859375
DINO loss: 6.114933013916016
DINO loss: 6.048726558685303
DINO loss: 6.057661056518555
DINO loss: 6.1505632400512695
DINO loss: 6.259414196014404
DINO loss: 6.03080415725708
Epoch: [0]  [   4910/1303223]  eta: 19:56:26  lr: 0.000000  weight_decay: 0.040000  loss: 6.150563 (6.602471)  wd: 0.040000 (0.040000)  time: 0.054982  data: 0.004431  max mem: 245
DINO loss: 6.244959831237793
DINO loss: 6.096094608306885
DINO loss: 6.230068206787109
DINO loss: 6.290187835693359
DINO loss: 6.204647064208984
DINO loss: 6.188448905944824
DINO loss: 6.142493724822998
DINO loss: 6.190865516662598
DINO loss: 6.357778549194336
DINO loss: 6.025813102722168
Epoch: [0]  [   4920/1303223]  eta: 19:56:25  lr: 0.000000  weight_decay: 0.040000  loss: 6.142494 (6.601648)  wd: 0.040000 (0.040000)  time: 0.055042  data: 0.004433  max mem: 245
DINO loss: 6.071544647216797
DINO loss: 6.315997123718262
DINO loss: 6.3135151863098145
DINO loss: 6.210161209106445
DINO loss: 6.07183313369751
DINO loss: 6.111230850219727
DINO loss: 6.155085563659668
DINO loss: 6.153019905090332
DINO loss: 6.120781898498535
DINO loss: 6.05026912689209
Epoch: [0]  [   4930/1303223]  eta: 19:56:24  lr: 0.000000  weight_decay: 0.040000  loss: 6.155086 (6.600747)  wd: 0.040000 (0.040000)  time: 0.055105  data: 0.004444  max mem: 245
DINO loss: 6.200508117675781
DINO loss: 6.133360862731934
DINO loss: 6.090608596801758
DINO loss: 6.1749267578125
DINO loss: 6.039554595947266
DINO loss: 6.134405136108398
DINO loss: 6.090498924255371
DINO loss: 6.173724174499512
DINO loss: 6.197176456451416
DINO loss: 5.983207702636719
Epoch: [0]  [   4940/1303223]  eta: 19:56:23  lr: 0.000000  weight_decay: 0.040000  loss: 6.133361 (6.599777)  wd: 0.040000 (0.040000)  time: 0.055032  data: 0.004446  max mem: 245
DINO loss: 6.140982627868652
DINO loss: 6.210737228393555
DINO loss: 6.020744800567627
DINO loss: 6.3201775550842285
DINO loss: 6.065089225769043
DINO loss: 6.212844371795654
DINO loss: 6.161832332611084
DINO loss: 5.9976983070373535
DINO loss: 6.217750549316406
DINO loss: 6.155213356018066
Epoch: [0]  [   4950/1303223]  eta: 19:56:21  lr: 0.000000  weight_decay: 0.040000  loss: 6.140983 (6.598869)  wd: 0.040000 (0.040000)  time: 0.054987  data: 0.004438  max mem: 245
DINO loss: 6.098954200744629
DINO loss: 6.198646545410156
DINO loss: 6.086153984069824
DINO loss: 6.081896781921387
DINO loss: 6.2415947914123535
DINO loss: 6.3007588386535645
DINO loss: 6.170593738555908
DINO loss: 6.268160820007324
DINO loss: 6.434823036193848
DINO loss: 6.162106513977051
Epoch: [0]  [   4960/1303223]  eta: 19:56:20  lr: 0.000000  weight_decay: 0.040000  loss: 6.162107 (6.598074)  wd: 0.040000 (0.040000)  time: 0.055002  data: 0.004435  max mem: 245
DINO loss: 6.092067241668701
DINO loss: 6.049387454986572
DINO loss: 6.408587455749512
DINO loss: 6.170592784881592
DINO loss: 6.2934722900390625
DINO loss: 6.007682800292969
DINO loss: 6.192842483520508
DINO loss: 6.23647403717041
DINO loss: 6.1747260093688965
DINO loss: 6.049914360046387
Epoch: [0]  [   4970/1303223]  eta: 19:56:19  lr: 0.000000  weight_decay: 0.040000  loss: 6.170594 (6.597208)  wd: 0.040000 (0.040000)  time: 0.055048  data: 0.004444  max mem: 245
DINO loss: 6.026586532592773
DINO loss: 6.295854568481445
DINO loss: 6.182486534118652
DINO loss: 6.185564994812012
DINO loss: 6.178023338317871
DINO loss: 6.074195861816406
DINO loss: 6.353959083557129
DINO loss: 6.063202857971191
DINO loss: 6.249127388000488
DINO loss: 6.151457786560059
Epoch: [0]  [   4980/1303223]  eta: 19:56:17  lr: 0.000000  weight_decay: 0.040000  loss: 6.174726 (6.596363)  wd: 0.040000 (0.040000)  time: 0.054999  data: 0.004426  max mem: 245
DINO loss: 6.236289978027344
DINO loss: 6.103222846984863
DINO loss: 6.078123092651367
DINO loss: 6.189523696899414
DINO loss: 6.261386871337891
DINO loss: 6.175030708312988
DINO loss: 6.221853256225586
DINO loss: 6.137650966644287
DINO loss: 6.328369140625
DINO loss: 6.084802627563477
Epoch: [0]  [   4990/1303223]  eta: 19:56:16  lr: 0.000000  weight_decay: 0.040000  loss: 6.178023 (6.595532)  wd: 0.040000 (0.040000)  time: 0.054950  data: 0.004426  max mem: 245
DINO loss: 6.266541481018066
DINO loss: 6.199658393859863
DINO loss: 6.203486919403076
DINO loss: 6.158312797546387
DINO loss: 6.115807056427002
DINO loss: 6.069231033325195
DINO loss: 6.046110153198242
DINO loss: 6.225899696350098
DINO loss: 6.070252418518066
DINO loss: 6.1408820152282715
Epoch: [0]  [   5000/1303223]  eta: 19:56:15  lr: 0.000000  weight_decay: 0.040000  loss: 6.158313 (6.594640)  wd: 0.040000 (0.040000)  time: 0.055001  data: 0.004443  max mem: 245
DINO loss: 6.317892074584961
DINO loss: 6.353702545166016
DINO loss: 6.110621452331543
DINO loss: 6.2715067863464355
DINO loss: 6.194424629211426
DINO loss: 6.134500026702881
DINO loss: 6.2243242263793945
DINO loss: 6.097410202026367
DINO loss: 6.0615339279174805
DINO loss: 6.12071418762207
Epoch: [0]  [   5010/1303223]  eta: 19:56:13  lr: 0.000000  weight_decay: 0.040000  loss: 6.140882 (6.593830)  wd: 0.040000 (0.040000)  time: 0.055025  data: 0.004437  max mem: 245
DINO loss: 6.061614990234375
DINO loss: 6.076324939727783
DINO loss: 6.135083198547363
DINO loss: 6.23143196105957
DINO loss: 6.093388557434082
DINO loss: 6.114708423614502
DINO loss: 6.246316909790039
DINO loss: 6.048770904541016
DINO loss: 6.281558036804199
DINO loss: 6.119433879852295
Epoch: [0]  [   5020/1303223]  eta: 19:56:12  lr: 0.000000  weight_decay: 0.040000  loss: 6.120714 (6.592928)  wd: 0.040000 (0.040000)  time: 0.054976  data: 0.004428  max mem: 245
DINO loss: 5.864412307739258
DINO loss: 6.262844085693359
DINO loss: 6.2917938232421875
DINO loss: 6.186093330383301
DINO loss: 6.194478988647461
DINO loss: 6.1358442306518555
DINO loss: 6.20634651184082
DINO loss: 6.176478385925293
DINO loss: 5.965035438537598
DINO loss: 6.187250137329102
Epoch: [0]  [   5030/1303223]  eta: 19:56:11  lr: 0.000000  weight_decay: 0.040000  loss: 6.135844 (6.592041)  wd: 0.040000 (0.040000)  time: 0.054977  data: 0.004437  max mem: 245
DINO loss: 6.316956520080566
DINO loss: 6.07524299621582
DINO loss: 6.2482781410217285
DINO loss: 6.100180625915527
DINO loss: 6.061042785644531
DINO loss: 6.29738712310791
DINO loss: 6.184706687927246
DINO loss: 6.090171813964844
DINO loss: 6.150806427001953
DINO loss: 6.139057636260986
Epoch: [0]  [   5040/1303223]  eta: 19:56:09  lr: 0.000000  weight_decay: 0.040000  loss: 6.176478 (6.591197)  wd: 0.040000 (0.040000)  time: 0.054980  data: 0.004443  max mem: 245
DINO loss: 5.940986156463623
DINO loss: 6.121820449829102
DINO loss: 6.176106929779053
DINO loss: 6.08085823059082
DINO loss: 6.271524906158447
DINO loss: 5.979898452758789
DINO loss: 6.09096622467041
DINO loss: 6.23840856552124
DINO loss: 6.397560119628906
DINO loss: 6.1885666847229
Epoch: [0]  [   5050/1303223]  eta: 19:56:08  lr: 0.000000  weight_decay: 0.040000  loss: 6.139058 (6.590321)  wd: 0.040000 (0.040000)  time: 0.054964  data: 0.004433  max mem: 245
DINO loss: 6.2713141441345215
DINO loss: 6.159924030303955
DINO loss: 6.2625932693481445
DINO loss: 6.214629650115967
DINO loss: 6.147645950317383
DINO loss: 6.018054962158203
DINO loss: 6.291125297546387
DINO loss: 6.40236759185791
DINO loss: 6.230575084686279
DINO loss: 6.047422409057617
Epoch: [0]  [   5060/1303223]  eta: 19:56:07  lr: 0.000000  weight_decay: 0.040000  loss: 6.176107 (6.589559)  wd: 0.040000 (0.040000)  time: 0.054978  data: 0.004431  max mem: 245
DINO loss: 6.126547336578369
DINO loss: 5.996160507202148
DINO loss: 6.141870498657227
DINO loss: 5.998865127563477
DINO loss: 5.929983139038086
DINO loss: 6.137178421020508
DINO loss: 6.086687088012695
DINO loss: 6.156223297119141
DINO loss: 6.240299224853516
DINO loss: 6.272059440612793
Epoch: [0]  [   5070/1303223]  eta: 19:56:05  lr: 0.000000  weight_decay: 0.040000  loss: 6.147646 (6.588610)  wd: 0.040000 (0.040000)  time: 0.055004  data: 0.004440  max mem: 245
DINO loss: 6.115557670593262
DINO loss: 6.1607770919799805
DINO loss: 6.103875637054443
DINO loss: 6.216185569763184
DINO loss: 6.1996588706970215
DINO loss: 6.260350704193115
DINO loss: 6.062628746032715
DINO loss: 6.081167221069336
DINO loss: 6.129769802093506
DINO loss: 6.0617475509643555
Epoch: [0]  [   5080/1303223]  eta: 19:56:04  lr: 0.000000  weight_decay: 0.040000  loss: 6.126547 (6.587726)  wd: 0.040000 (0.040000)  time: 0.055023  data: 0.004439  max mem: 245
DINO loss: 6.079008102416992
DINO loss: 6.143738746643066
DINO loss: 6.097212314605713
DINO loss: 6.176383972167969
DINO loss: 6.03431510925293
DINO loss: 6.090412139892578
DINO loss: 6.090920448303223
DINO loss: 6.250510215759277
DINO loss: 6.047065258026123
DINO loss: 6.44980525970459
Epoch: [0]  [   5090/1303223]  eta: 19:56:03  lr: 0.000000  weight_decay: 0.040000  loss: 6.103876 (6.586858)  wd: 0.040000 (0.040000)  time: 0.055014  data: 0.004433  max mem: 245
DINO loss: 6.122309684753418
DINO loss: 6.073286056518555
DINO loss: 5.941417694091797
DINO loss: 5.954136848449707
DINO loss: 6.02280330657959
DINO loss: 6.03664493560791
DINO loss: 6.257543563842773
DINO loss: 6.157556533813477
DINO loss: 6.000273704528809
DINO loss: 6.274946212768555
Epoch: [0]  [   5100/1303223]  eta: 19:56:02  lr: 0.000000  weight_decay: 0.040000  loss: 6.090412 (6.585872)  wd: 0.040000 (0.040000)  time: 0.055016  data: 0.004438  max mem: 245
DINO loss: 6.15662145614624
DINO loss: 5.946931838989258
DINO loss: 6.054587364196777
DINO loss: 6.058271408081055
DINO loss: 6.108038902282715
DINO loss: 6.117694854736328
DINO loss: 6.042786598205566
DINO loss: 5.973915100097656
DINO loss: 6.087419509887695
DINO loss: 5.911604881286621
Epoch: [0]  [   5110/1303223]  eta: 19:56:00  lr: 0.000000  weight_decay: 0.040000  loss: 6.054587 (6.584816)  wd: 0.040000 (0.040000)  time: 0.055002  data: 0.004446  max mem: 245
DINO loss: 6.353842735290527
DINO loss: 6.029122829437256
DINO loss: 6.13191032409668
DINO loss: 6.0202412605285645
DINO loss: 6.000621795654297
DINO loss: 6.242424964904785
DINO loss: 6.1514058113098145
DINO loss: 5.991642951965332
DINO loss: 6.0617570877075195
DINO loss: 6.397903919219971
Epoch: [0]  [   5120/1303223]  eta: 19:55:59  lr: 0.000000  weight_decay: 0.040000  loss: 6.058271 (6.583943)  wd: 0.040000 (0.040000)  time: 0.054963  data: 0.004438  max mem: 245
DINO loss: 6.090341567993164
DINO loss: 6.091082572937012
DINO loss: 6.133812427520752
DINO loss: 6.031702041625977
DINO loss: 6.156729221343994
DINO loss: 6.232110500335693
DINO loss: 6.068912506103516
DINO loss: 6.144862174987793
DINO loss: 5.968308448791504
DINO loss: 6.010369300842285
Epoch: [0]  [   5130/1303223]  eta: 19:55:58  lr: 0.000000  weight_decay: 0.040000  loss: 6.090342 (6.582986)  wd: 0.040000 (0.040000)  time: 0.054955  data: 0.004435  max mem: 245
DINO loss: 5.9766130447387695
DINO loss: 6.020782470703125
DINO loss: 6.086977005004883
DINO loss: 6.051658630371094
DINO loss: 6.1371026039123535
DINO loss: 6.025729179382324
DINO loss: 6.129035949707031
DINO loss: 6.162517547607422
DINO loss: 5.962593078613281
DINO loss: 6.170029640197754
Epoch: [0]  [   5140/1303223]  eta: 19:55:56  lr: 0.000000  weight_decay: 0.040000  loss: 6.086977 (6.581993)  wd: 0.040000 (0.040000)  time: 0.054971  data: 0.004438  max mem: 245
DINO loss: 6.238997459411621
DINO loss: 5.914847373962402
DINO loss: 6.127241134643555
DINO loss: 6.0788469314575195
DINO loss: 6.045101165771484
DINO loss: 6.01078462600708
DINO loss: 6.215601921081543
DINO loss: 6.116209983825684
DINO loss: 6.0292863845825195
DINO loss: 6.1118059158325195
Epoch: [0]  [   5150/1303223]  eta: 19:55:55  lr: 0.000000  weight_decay: 0.040000  loss: 6.078847 (6.581035)  wd: 0.040000 (0.040000)  time: 0.055000  data: 0.004432  max mem: 245
DINO loss: 6.190381050109863
DINO loss: 5.896585464477539
DINO loss: 6.241025924682617
DINO loss: 6.115424156188965
DINO loss: 6.161188125610352
DINO loss: 6.036864757537842
DINO loss: 6.200272560119629
DINO loss: 6.047771453857422
DINO loss: 6.061683177947998
DINO loss: 6.302453517913818
Epoch: [0]  [   5160/1303223]  eta: 19:55:54  lr: 0.000000  weight_decay: 0.040000  loss: 6.111806 (6.580153)  wd: 0.040000 (0.040000)  time: 0.054999  data: 0.004428  max mem: 245
DINO loss: 6.108175754547119
DINO loss: 6.053447723388672
DINO loss: 6.026934623718262
DINO loss: 6.111172676086426
DINO loss: 6.125567436218262
DINO loss: 6.041878700256348
DINO loss: 6.0381574630737305
DINO loss: 6.109838008880615
DINO loss: 5.976347923278809
DINO loss: 5.853659629821777
Epoch: [0]  [   5170/1303223]  eta: 19:55:53  lr: 0.000000  weight_decay: 0.040000  loss: 6.061683 (6.579117)  wd: 0.040000 (0.040000)  time: 0.054988  data: 0.004432  max mem: 245
DINO loss: 6.04619836807251
DINO loss: 6.046774864196777
DINO loss: 6.113226890563965
DINO loss: 6.112105369567871
DINO loss: 6.0234575271606445
DINO loss: 6.147225379943848
DINO loss: 6.043071269989014
DINO loss: 6.14884090423584
DINO loss: 5.815865993499756
DINO loss: 6.081320285797119
Epoch: [0]  [   5180/1303223]  eta: 19:55:51  lr: 0.000000  weight_decay: 0.040000  loss: 6.046775 (6.578110)  wd: 0.040000 (0.040000)  time: 0.055014  data: 0.004443  max mem: 245
DINO loss: 6.059555530548096
DINO loss: 5.961899757385254
DINO loss: 5.931879997253418
DINO loss: 6.1273603439331055
DINO loss: 5.904544830322266
DINO loss: 6.215630054473877
DINO loss: 5.912257194519043
DINO loss: 6.091025352478027
DINO loss: 5.920665740966797
DINO loss: 6.17730712890625
Epoch: [0]  [   5190/1303223]  eta: 19:55:50  lr: 0.000000  weight_decay: 0.040000  loss: 6.046775 (6.577055)  wd: 0.040000 (0.040000)  time: 0.055023  data: 0.004441  max mem: 245
DINO loss: 6.157815933227539
DINO loss: 6.059835910797119
DINO loss: 6.1037445068359375
DINO loss: 6.101263046264648
DINO loss: 6.08962345123291
DINO loss: 6.086248397827148
DINO loss: 6.093578338623047
DINO loss: 6.280681133270264
DINO loss: 6.182803630828857
DINO loss: 5.922689437866211
Epoch: [0]  [   5200/1303223]  eta: 19:55:49  lr: 0.000000  weight_decay: 0.040000  loss: 6.089623 (6.576153)  wd: 0.040000 (0.040000)  time: 0.055029  data: 0.004437  max mem: 245
DINO loss: 6.203987121582031
DINO loss: 5.838431358337402
DINO loss: 6.257537841796875
DINO loss: 5.990431785583496
DINO loss: 6.049164772033691
DINO loss: 5.940996170043945
DINO loss: 6.060234069824219
DINO loss: 6.106892108917236
DINO loss: 6.099934101104736
DINO loss: 6.09390115737915
Epoch: [0]  [   5210/1303223]  eta: 19:55:48  lr: 0.000000  weight_decay: 0.040000  loss: 6.093578 (6.575170)  wd: 0.040000 (0.040000)  time: 0.055041  data: 0.004446  max mem: 245
DINO loss: 5.995147228240967
DINO loss: 6.199403762817383
DINO loss: 6.141175270080566
DINO loss: 5.9820356369018555
DINO loss: 6.142000675201416
DINO loss: 6.188211441040039
DINO loss: 6.08927059173584
DINO loss: 6.0259599685668945
DINO loss: 6.058413505554199
DINO loss: 6.168647289276123
Epoch: [0]  [   5220/1303223]  eta: 19:55:47  lr: 0.000000  weight_decay: 0.040000  loss: 6.089271 (6.574258)  wd: 0.040000 (0.040000)  time: 0.055038  data: 0.004443  max mem: 245
DINO loss: 6.277494430541992
DINO loss: 6.04107666015625
DINO loss: 5.994564533233643
DINO loss: 6.198671340942383
DINO loss: 6.0658488273620605
DINO loss: 6.082265853881836
DINO loss: 6.124502182006836
DINO loss: 6.068973541259766
DINO loss: 5.933712959289551
DINO loss: 5.985408306121826
Epoch: [0]  [   5230/1303223]  eta: 19:55:46  lr: 0.000000  weight_decay: 0.040000  loss: 6.068974 (6.573308)  wd: 0.040000 (0.040000)  time: 0.055039  data: 0.004439  max mem: 245
DINO loss: 6.158810138702393
DINO loss: 6.109827041625977
DINO loss: 6.152079105377197
DINO loss: 6.022171974182129
DINO loss: 5.946723461151123
DINO loss: 5.975344181060791
DINO loss: 5.984759330749512
DINO loss: 6.060746669769287
DINO loss: 6.110100746154785
DINO loss: 6.137849807739258
Epoch: [0]  [   5240/1303223]  eta: 19:55:44  lr: 0.000000  weight_decay: 0.040000  loss: 6.065849 (6.572340)  wd: 0.040000 (0.040000)  time: 0.055003  data: 0.004451  max mem: 245
DINO loss: 6.241898536682129
DINO loss: 6.140084266662598
DINO loss: 6.215432167053223
DINO loss: 6.180583953857422
DINO loss: 5.991887092590332
DINO loss: 6.046704292297363
DINO loss: 6.110546588897705
DINO loss: 6.098703384399414
DINO loss: 5.9684367179870605
DINO loss: 6.17359733581543
Epoch: [0]  [   5250/1303223]  eta: 19:55:43  lr: 0.000000  weight_decay: 0.040000  loss: 6.109827 (6.571472)  wd: 0.040000 (0.040000)  time: 0.054960  data: 0.004444  max mem: 245
DINO loss: 6.077262878417969
DINO loss: 6.367236137390137
DINO loss: 6.084495544433594
DINO loss: 5.9873199462890625
DINO loss: 6.175662517547607
DINO loss: 6.079343795776367
DINO loss: 6.138394355773926
DINO loss: 6.245790481567383
DINO loss: 6.207454204559326
DINO loss: 6.0519280433654785
Epoch: [0]  [   5260/1303223]  eta: 19:55:42  lr: 0.000000  weight_decay: 0.040000  loss: 6.110547 (6.570655)  wd: 0.040000 (0.040000)  time: 0.054965  data: 0.004420  max mem: 245
DINO loss: 6.01617431640625
DINO loss: 6.022751331329346
DINO loss: 5.944662570953369
DINO loss: 6.281519412994385
DINO loss: 6.171919822692871
DINO loss: 6.084906578063965
DINO loss: 5.976015567779541
DINO loss: 6.001186370849609
DINO loss: 6.031604766845703
DINO loss: 5.93000602722168
Epoch: [0]  [   5270/1303223]  eta: 19:55:40  lr: 0.000000  weight_decay: 0.040000  loss: 6.077263 (6.569660)  wd: 0.040000 (0.040000)  time: 0.054998  data: 0.004430  max mem: 245
DINO loss: 6.024746417999268
DINO loss: 5.905983924865723
DINO loss: 6.1735992431640625
DINO loss: 6.041929244995117
DINO loss: 6.052477836608887
DINO loss: 5.941246509552002
DINO loss: 5.889036178588867
DINO loss: 6.092196464538574
DINO loss: 6.060873985290527
DINO loss: 5.975243091583252
Epoch: [0]  [   5280/1303223]  eta: 19:55:39  lr: 0.000000  weight_decay: 0.040000  loss: 6.022751 (6.568611)  wd: 0.040000 (0.040000)  time: 0.055019  data: 0.004444  max mem: 245
DINO loss: 6.217463493347168
DINO loss: 6.1706953048706055
DINO loss: 5.969635963439941
DINO loss: 6.184325218200684
DINO loss: 6.1056437492370605
DINO loss: 6.139619827270508
DINO loss: 6.021646499633789
DINO loss: 6.019845008850098
DINO loss: 5.98530912399292
DINO loss: 6.227629661560059
Epoch: [0]  [   5290/1303223]  eta: 19:55:38  lr: 0.000000  weight_decay: 0.040000  loss: 6.041929 (6.567733)  wd: 0.040000 (0.040000)  time: 0.055009  data: 0.004425  max mem: 245
DINO loss: 6.044111728668213
DINO loss: 6.064220428466797
DINO loss: 6.131443977355957
DINO loss: 5.9361748695373535
DINO loss: 5.995695114135742
DINO loss: 6.040189266204834
DINO loss: 5.93636417388916
DINO loss: 5.912599563598633
DINO loss: 5.862848281860352
DINO loss: 5.947579383850098
Epoch: [0]  [   5300/1303223]  eta: 19:55:37  lr: 0.000000  weight_decay: 0.040000  loss: 6.021646 (6.566638)  wd: 0.040000 (0.040000)  time: 0.055013  data: 0.004437  max mem: 245
DINO loss: 6.062586784362793
DINO loss: 5.917405605316162
DINO loss: 5.92437744140625
DINO loss: 5.869236946105957
DINO loss: 6.016321182250977
DINO loss: 6.099457740783691
DINO loss: 5.938799858093262
DINO loss: 6.1781110763549805
DINO loss: 6.247381687164307
DINO loss: 5.811744689941406
Epoch: [0]  [   5310/1303223]  eta: 19:55:36  lr: 0.000000  weight_decay: 0.040000  loss: 5.947579 (6.565583)  wd: 0.040000 (0.040000)  time: 0.055017  data: 0.004454  max mem: 245
DINO loss: 6.054165840148926
DINO loss: 5.978694915771484
DINO loss: 5.937264442443848
DINO loss: 6.149014949798584
DINO loss: 5.949636459350586
DINO loss: 6.121350288391113
DINO loss: 5.933855056762695
DINO loss: 5.798969745635986
DINO loss: 5.824423789978027
DINO loss: 6.105768203735352
Epoch: [0]  [   5320/1303223]  eta: 19:55:34  lr: 0.000000  weight_decay: 0.040000  loss: 5.949636 (6.564493)  wd: 0.040000 (0.040000)  time: 0.054999  data: 0.004439  max mem: 245
DINO loss: 6.110186576843262
DINO loss: 6.241865158081055
DINO loss: 6.035616874694824
DINO loss: 6.106517314910889
DINO loss: 6.064671516418457
DINO loss: 6.006069660186768
DINO loss: 5.945967674255371
DINO loss: 5.997801780700684
DINO loss: 5.983579635620117
DINO loss: 6.155821800231934
Epoch: [0]  [   5330/1303223]  eta: 19:55:33  lr: 0.000000  weight_decay: 0.040000  loss: 6.006070 (6.563555)  wd: 0.040000 (0.040000)  time: 0.054979  data: 0.004426  max mem: 245
DINO loss: 6.081682205200195
DINO loss: 5.979728698730469
DINO loss: 5.975945472717285
DINO loss: 5.763696670532227
DINO loss: 6.050250053405762
DINO loss: 5.9047346115112305
DINO loss: 5.991877555847168
DINO loss: 6.051162242889404
DINO loss: 5.970086574554443
DINO loss: 5.855558395385742
Epoch: [0]  [   5340/1303223]  eta: 19:55:32  lr: 0.000000  weight_decay: 0.040000  loss: 5.997802 (6.562430)  wd: 0.040000 (0.040000)  time: 0.054982  data: 0.004433  max mem: 245
DINO loss: 5.848834037780762
DINO loss: 6.150760173797607
DINO loss: 6.165632247924805
DINO loss: 6.057830810546875
DINO loss: 5.948358535766602
DINO loss: 5.902721881866455
DINO loss: 5.922622203826904
DINO loss: 5.891067028045654
DINO loss: 5.838583946228027
DINO loss: 6.173187255859375
Epoch: [0]  [   5350/1303223]  eta: 19:55:31  lr: 0.000000  weight_decay: 0.040000  loss: 5.970087 (6.561360)  wd: 0.040000 (0.040000)  time: 0.054993  data: 0.004442  max mem: 245
DINO loss: 5.874584197998047
DINO loss: 6.060437202453613
DINO loss: 5.864631652832031
DINO loss: 6.006333351135254
DINO loss: 5.942879676818848
DINO loss: 5.943392753601074
DINO loss: 6.122734069824219
DINO loss: 5.993082046508789
DINO loss: 6.157391548156738
DINO loss: 6.063870906829834
Epoch: [0]  [   5360/1303223]  eta: 19:55:30  lr: 0.000000  weight_decay: 0.040000  loss: 5.948359 (6.560319)  wd: 0.040000 (0.040000)  time: 0.054995  data: 0.004437  max mem: 245
DINO loss: 6.152712821960449
DINO loss: 5.987979888916016
DINO loss: 5.889431953430176
DINO loss: 5.914155960083008
DINO loss: 5.891397953033447
DINO loss: 5.8588409423828125
DINO loss: 5.829726219177246
DINO loss: 5.857943534851074
DINO loss: 5.856722831726074
DINO loss: 6.0663652420043945
Epoch: [0]  [   5370/1303223]  eta: 19:55:28  lr: 0.000000  weight_decay: 0.040000  loss: 5.942880 (6.559146)  wd: 0.040000 (0.040000)  time: 0.054996  data: 0.004428  max mem: 245
DINO loss: 6.061831474304199
DINO loss: 5.901379108428955
DINO loss: 6.053956985473633
DINO loss: 5.96394157409668
DINO loss: 5.99323844909668
DINO loss: 6.00179386138916
DINO loss: 6.0484185218811035
DINO loss: 5.955013751983643
DINO loss: 6.028389930725098
DINO loss: 6.018486499786377
Epoch: [0]  [   5380/1303223]  eta: 19:55:27  lr: 0.000000  weight_decay: 0.040000  loss: 5.963942 (6.558112)  wd: 0.040000 (0.040000)  time: 0.055017  data: 0.004433  max mem: 245
DINO loss: 5.915448188781738
DINO loss: 5.949812889099121
DINO loss: 5.901230335235596
DINO loss: 5.8624677658081055
DINO loss: 6.003132343292236
DINO loss: 5.9843854904174805
DINO loss: 5.843944549560547
DINO loss: 5.880899429321289
DINO loss: 6.216412544250488
DINO loss: 5.892846584320068
Epoch: [0]  [   5390/1303223]  eta: 19:55:26  lr: 0.000000  weight_decay: 0.040000  loss: 5.963942 (6.556975)  wd: 0.040000 (0.040000)  time: 0.054994  data: 0.004443  max mem: 245
DINO loss: 6.0371413230896
DINO loss: 6.098690032958984
DINO loss: 6.044054985046387
DINO loss: 5.9491047859191895
DINO loss: 6.147274017333984
DINO loss: 5.963714599609375
DINO loss: 5.970134258270264
DINO loss: 5.929825305938721
DINO loss: 6.029703140258789
DINO loss: 5.9206953048706055
Epoch: [0]  [   5400/1303223]  eta: 19:55:25  lr: 0.000000  weight_decay: 0.040000  loss: 5.949813 (6.555960)  wd: 0.040000 (0.040000)  time: 0.054981  data: 0.004438  max mem: 245
DINO loss: 5.935335636138916
DINO loss: 6.020438194274902
DINO loss: 6.0228590965271
DINO loss: 5.713751792907715
DINO loss: 6.068734169006348
DINO loss: 6.012292861938477
DINO loss: 5.916755676269531
DINO loss: 6.204789161682129
DINO loss: 5.7723541259765625
DINO loss: 6.145758152008057
Epoch: [0]  [   5410/1303223]  eta: 19:55:24  lr: 0.000000  weight_decay: 0.040000  loss: 6.012293 (6.554898)  wd: 0.040000 (0.040000)  time: 0.055003  data: 0.004438  max mem: 245
DINO loss: 5.817292213439941
DINO loss: 5.877101898193359
DINO loss: 5.837344169616699
DINO loss: 5.926346302032471
DINO loss: 5.991393089294434
DINO loss: 5.989171981811523
DINO loss: 5.925331115722656
DINO loss: 6.304259300231934
DINO loss: 5.941012382507324
DINO loss: 6.101299285888672
Epoch: [0]  [   5420/1303223]  eta: 19:55:22  lr: 0.000000  weight_decay: 0.040000  loss: 5.941012 (6.553821)  wd: 0.040000 (0.040000)  time: 0.055008  data: 0.004439  max mem: 245
DINO loss: 6.066677570343018
DINO loss: 5.908120155334473
DINO loss: 6.157261848449707
DINO loss: 5.990301132202148
DINO loss: 6.080367088317871
DINO loss: 6.103270053863525
DINO loss: 5.929358959197998
DINO loss: 5.958468437194824
DINO loss: 5.8651885986328125
DINO loss: 6.010468482971191
Epoch: [0]  [   5430/1303223]  eta: 19:55:21  lr: 0.000000  weight_decay: 0.040000  loss: 5.958468 (6.552814)  wd: 0.040000 (0.040000)  time: 0.055050  data: 0.004441  max mem: 245
DINO loss: 6.132420063018799
DINO loss: 5.986364364624023
DINO loss: 5.899463176727295
DINO loss: 5.967319965362549
DINO loss: 5.882040977478027
DINO loss: 5.936767578125
DINO loss: 5.863378047943115
DINO loss: 5.72432804107666
DINO loss: 6.08831787109375
DINO loss: 6.0070271492004395
Epoch: [0]  [   5440/1303223]  eta: 19:55:20  lr: 0.000000  weight_decay: 0.040000  loss: 5.967320 (6.551704)  wd: 0.040000 (0.040000)  time: 0.055046  data: 0.004436  max mem: 245
DINO loss: 6.0862579345703125
DINO loss: 5.925518035888672
DINO loss: 5.878968238830566
DINO loss: 5.876495838165283
DINO loss: 6.07737398147583
DINO loss: 5.84608793258667
DINO loss: 5.9396867752075195
DINO loss: 6.011229515075684
DINO loss: 6.109241962432861
DINO loss: 5.992383003234863
Epoch: [0]  [   5450/1303223]  eta: 19:55:19  lr: 0.000000  weight_decay: 0.040000  loss: 5.939687 (6.550645)  wd: 0.040000 (0.040000)  time: 0.055001  data: 0.004436  max mem: 245
DINO loss: 6.114617347717285
DINO loss: 5.983713150024414
DINO loss: 5.8444671630859375
DINO loss: 5.852756500244141
DINO loss: 5.992201805114746
DINO loss: 5.995375633239746
DINO loss: 5.987433910369873
DINO loss: 6.082001209259033
DINO loss: 6.095369815826416
DINO loss: 6.0881757736206055
Epoch: [0]  [   5460/1303223]  eta: 19:55:18  lr: 0.000000  weight_decay: 0.040000  loss: 5.992202 (6.549643)  wd: 0.040000 (0.040000)  time: 0.054977  data: 0.004440  max mem: 245
DINO loss: 5.854518890380859
DINO loss: 5.839148044586182
DINO loss: 6.137773513793945
DINO loss: 6.010009765625
DINO loss: 6.0575995445251465
DINO loss: 5.983499526977539
DINO loss: 6.002203464508057
DINO loss: 5.7890214920043945
DINO loss: 5.949164390563965
DINO loss: 5.882152557373047
Epoch: [0]  [   5470/1303223]  eta: 19:55:17  lr: 0.000000  weight_decay: 0.040000  loss: 5.987434 (6.548548)  wd: 0.040000 (0.040000)  time: 0.054998  data: 0.004434  max mem: 245
DINO loss: 6.087434768676758
DINO loss: 5.973924160003662
DINO loss: 5.934972763061523
DINO loss: 5.790146827697754
DINO loss: 6.033105850219727
DINO loss: 6.0154523849487305
DINO loss: 5.840195178985596
DINO loss: 6.026719093322754
DINO loss: 5.893782615661621
DINO loss: 5.880495071411133
Epoch: [0]  [   5480/1303223]  eta: 19:55:16  lr: 0.000000  weight_decay: 0.040000  loss: 5.949164 (6.547451)  wd: 0.040000 (0.040000)  time: 0.055021  data: 0.004435  max mem: 245
DINO loss: 5.807150840759277
DINO loss: 5.988673210144043
DINO loss: 6.112986087799072
DINO loss: 6.283387660980225
DINO loss: 6.001031875610352
DINO loss: 6.164885520935059
DINO loss: 6.131880283355713
DINO loss: 5.9833879470825195
DINO loss: 5.901705265045166
DINO loss: 5.872830867767334
Epoch: [0]  [   5490/1303223]  eta: 19:55:14  lr: 0.000000  weight_decay: 0.040000  loss: 5.983388 (6.546500)  wd: 0.040000 (0.040000)  time: 0.055006  data: 0.004445  max mem: 245
DINO loss: 5.830048084259033
DINO loss: 5.891718864440918
DINO loss: 5.946449279785156
DINO loss: 6.065938472747803
DINO loss: 6.321352958679199
DINO loss: 5.9891767501831055
DINO loss: 5.94003963470459
DINO loss: 5.96925163269043
DINO loss: 6.1148247718811035
DINO loss: 5.840553283691406
Epoch: [0]  [   5500/1303223]  eta: 19:55:13  lr: 0.000000  weight_decay: 0.040000  loss: 5.983388 (6.545490)  wd: 0.040000 (0.040000)  time: 0.055007  data: 0.004443  max mem: 245
DINO loss: 5.942633628845215
DINO loss: 6.120168685913086
DINO loss: 5.975502014160156
DINO loss: 5.990654945373535
DINO loss: 5.863058090209961
DINO loss: 6.146021842956543
DINO loss: 5.901724338531494
DINO loss: 5.877684593200684
DINO loss: 5.957488536834717
DINO loss: 5.867422580718994
Epoch: [0]  [   5510/1303223]  eta: 19:55:12  lr: 0.000000  weight_decay: 0.040000  loss: 5.946449 (6.544435)  wd: 0.040000 (0.040000)  time: 0.055025  data: 0.004426  max mem: 245
DINO loss: 6.102168083190918
DINO loss: 6.123509407043457
DINO loss: 6.010085582733154
DINO loss: 6.20613956451416
DINO loss: 5.828933238983154
DINO loss: 5.987516403198242
DINO loss: 5.883098602294922
DINO loss: 5.925886631011963
DINO loss: 6.0705156326293945
DINO loss: 5.969626426696777
Epoch: [0]  [   5520/1303223]  eta: 19:55:11  lr: 0.000000  weight_decay: 0.040000  loss: 5.969626 (6.543468)  wd: 0.040000 (0.040000)  time: 0.055038  data: 0.004435  max mem: 245
DINO loss: 5.8099565505981445
DINO loss: 5.982583045959473
DINO loss: 6.03687858581543
DINO loss: 5.953110694885254
DINO loss: 5.910900592803955
DINO loss: 5.99374532699585
DINO loss: 6.001239776611328
DINO loss: 5.9017438888549805
DINO loss: 5.82387638092041
DINO loss: 5.75191593170166
Epoch: [0]  [   5530/1303223]  eta: 19:55:10  lr: 0.000000  weight_decay: 0.040000  loss: 5.969626 (6.542335)  wd: 0.040000 (0.040000)  time: 0.055022  data: 0.004443  max mem: 245
DINO loss: 5.956817150115967
DINO loss: 6.080790042877197
DINO loss: 5.888280868530273
DINO loss: 5.899355411529541
DINO loss: 5.7407732009887695
DINO loss: 5.730860233306885
DINO loss: 5.931529998779297
DINO loss: 5.93587589263916
DINO loss: 5.79908561706543
DINO loss: 5.856531143188477
Epoch: [0]  [   5540/1303223]  eta: 19:55:09  lr: 0.000000  weight_decay: 0.040000  loss: 5.901744 (6.541143)  wd: 0.040000 (0.040000)  time: 0.054987  data: 0.004430  max mem: 245
DINO loss: 5.888896942138672
DINO loss: 5.943990707397461
DINO loss: 5.838683128356934
DINO loss: 6.004386901855469
DINO loss: 6.19997501373291
DINO loss: 6.144250869750977
DINO loss: 5.845603942871094
DINO loss: 5.674640655517578
DINO loss: 5.95063591003418
DINO loss: 6.135173797607422
Epoch: [0]  [   5550/1303223]  eta: 19:55:08  lr: 0.000000  weight_decay: 0.040000  loss: 5.899355 (6.540101)  wd: 0.040000 (0.040000)  time: 0.054993  data: 0.004428  max mem: 245
DINO loss: 5.873870372772217
DINO loss: 5.7465009689331055
DINO loss: 5.737573623657227
DINO loss: 5.871634006500244
DINO loss: 5.716853141784668
DINO loss: 5.832380294799805
DINO loss: 5.820357322692871
DINO loss: 5.8133392333984375
DINO loss: 5.999195098876953
DINO loss: 5.92402458190918
Epoch: [0]  [   5560/1303223]  eta: 19:55:06  lr: 0.000000  weight_decay: 0.040000  loss: 5.871634 (6.538831)  wd: 0.040000 (0.040000)  time: 0.054980  data: 0.004427  max mem: 245
DINO loss: 5.979015827178955
DINO loss: 5.891488075256348
DINO loss: 6.100274085998535
DINO loss: 6.197898864746094
DINO loss: 5.772161483764648
DINO loss: 6.042728424072266
DINO loss: 5.886247634887695
DINO loss: 6.083575248718262
DINO loss: 5.809877395629883
DINO loss: 5.951142311096191
Epoch: [0]  [   5570/1303223]  eta: 19:55:05  lr: 0.000000  weight_decay: 0.040000  loss: 5.873870 (6.537812)  wd: 0.040000 (0.040000)  time: 0.055011  data: 0.004443  max mem: 245
DINO loss: 6.021289348602295
DINO loss: 5.889810562133789
DINO loss: 6.09676456451416
DINO loss: 6.072754859924316
DINO loss: 5.849444389343262
DINO loss: 6.084784507751465
DINO loss: 5.8810553550720215
DINO loss: 5.82508659362793
DINO loss: 6.145088195800781
DINO loss: 6.2243499755859375
Epoch: [0]  [   5580/1303223]  eta: 19:55:04  lr: 0.000000  weight_decay: 0.040000  loss: 5.979016 (6.536865)  wd: 0.040000 (0.040000)  time: 0.055003  data: 0.004442  max mem: 245
DINO loss: 5.910382270812988
DINO loss: 5.981587886810303
DINO loss: 6.023813247680664
DINO loss: 5.846980094909668
DINO loss: 5.872580528259277
DINO loss: 6.139191627502441
DINO loss: 5.836536884307861
DINO loss: 5.8466691970825195
DINO loss: 6.073856830596924
DINO loss: 5.841177463531494
Epoch: [0]  [   5590/1303223]  eta: 19:55:03  lr: 0.000000  weight_decay: 0.040000  loss: 5.910382 (6.535792)  wd: 0.040000 (0.040000)  time: 0.054933  data: 0.004428  max mem: 245
DINO loss: 6.058316230773926
DINO loss: 6.010066986083984
DINO loss: 5.794147968292236
DINO loss: 5.783588409423828
DINO loss: 6.009380340576172
DINO loss: 5.9530510902404785
DINO loss: 5.954472064971924
DINO loss: 6.0217108726501465
DINO loss: 5.7385149002075195
DINO loss: 5.716826915740967
Epoch: [0]  [   5600/1303223]  eta: 19:55:02  lr: 0.000000  weight_decay: 0.040000  loss: 5.910382 (6.534664)  wd: 0.040000 (0.040000)  time: 0.054960  data: 0.004434  max mem: 245
DINO loss: 6.001521110534668
DINO loss: 5.798588752746582
DINO loss: 6.047886848449707
DINO loss: 5.679110527038574
DINO loss: 6.145746231079102
DINO loss: 6.067543029785156
DINO loss: 5.756657123565674
DINO loss: 5.848020553588867
DINO loss: 6.016422748565674
DINO loss: 5.778563499450684
Epoch: [0]  [   5610/1303223]  eta: 19:55:00  lr: 0.000000  weight_decay: 0.040000  loss: 5.953051 (6.533558)  wd: 0.040000 (0.040000)  time: 0.054965  data: 0.004427  max mem: 245
DINO loss: 5.907475471496582
DINO loss: 5.7631611824035645
DINO loss: 5.901703357696533
DINO loss: 5.985815048217773
DINO loss: 5.765327453613281
DINO loss: 5.818236351013184
DINO loss: 6.04641056060791
DINO loss: 5.9675750732421875
DINO loss: 5.859213829040527
DINO loss: 5.759992599487305
Epoch: [0]  [   5620/1303223]  eta: 19:54:59  lr: 0.000000  weight_decay: 0.040000  loss: 5.859214 (6.532391)  wd: 0.040000 (0.040000)  time: 0.054953  data: 0.004425  max mem: 245
DINO loss: 5.9088358879089355
DINO loss: 5.899359703063965
DINO loss: 5.919579982757568
DINO loss: 5.741654396057129
DINO loss: 5.883888244628906
DINO loss: 5.9247517585754395
DINO loss: 5.806209087371826
DINO loss: 5.8079609870910645
DINO loss: 5.608044624328613
DINO loss: 5.965194225311279
Epoch: [0]  [   5630/1303223]  eta: 19:54:58  lr: 0.000000  weight_decay: 0.040000  loss: 5.883888 (6.531173)  wd: 0.040000 (0.040000)  time: 0.054976  data: 0.004439  max mem: 245
DINO loss: 6.002683639526367
DINO loss: 6.004445552825928
DINO loss: 5.9134674072265625
DINO loss: 5.947132110595703
DINO loss: 5.715442657470703
DINO loss: 5.967493534088135
DINO loss: 5.951942443847656
DINO loss: 6.064957618713379
DINO loss: 5.972367286682129
DINO loss: 5.826459884643555
Epoch: [0]  [   5640/1303223]  eta: 19:54:57  lr: 0.000000  weight_decay: 0.040000  loss: 5.913467 (6.530119)  wd: 0.040000 (0.040000)  time: 0.055003  data: 0.004443  max mem: 245
DINO loss: 5.830355644226074
DINO loss: 5.87497091293335
DINO loss: 5.827866077423096
DINO loss: 6.033121585845947
DINO loss: 5.846993446350098
DINO loss: 5.940638542175293
DINO loss: 5.575389862060547
DINO loss: 5.753051280975342
DINO loss: 6.063275337219238
DINO loss: 5.995971202850342
Epoch: [0]  [   5650/1303223]  eta: 19:54:56  lr: 0.000000  weight_decay: 0.040000  loss: 5.940639 (6.528958)  wd: 0.040000 (0.040000)  time: 0.055028  data: 0.004443  max mem: 245
DINO loss: 6.0557403564453125
DINO loss: 5.875011444091797
DINO loss: 5.78312873840332
DINO loss: 5.862087249755859
DINO loss: 5.7117156982421875
DINO loss: 5.812564849853516
DINO loss: 5.88466215133667
DINO loss: 5.706552505493164
DINO loss: 6.266839027404785
DINO loss: 5.905326843261719
Epoch: [0]  [   5660/1303223]  eta: 19:54:54  lr: 0.000000  weight_decay: 0.040000  loss: 5.862087 (6.527823)  wd: 0.040000 (0.040000)  time: 0.055005  data: 0.004443  max mem: 245
DINO loss: 5.948599338531494
DINO loss: 5.886268615722656
DINO loss: 5.876760482788086
DINO loss: 5.665345668792725
DINO loss: 5.868330955505371
DINO loss: 5.907019138336182
DINO loss: 5.614418029785156
DINO loss: 5.906797885894775
DINO loss: 5.985940933227539
DINO loss: 5.730537414550781
Epoch: [0]  [   5670/1303223]  eta: 19:54:53  lr: 0.000000  weight_decay: 0.040000  loss: 5.875011 (6.526608)  wd: 0.040000 (0.040000)  time: 0.054985  data: 0.004439  max mem: 245
DINO loss: 5.866414546966553
DINO loss: 5.8099541664123535
DINO loss: 5.713204383850098
DINO loss: 5.6046953201293945
DINO loss: 5.9686174392700195
DINO loss: 5.951229572296143
DINO loss: 5.944572925567627
DINO loss: 5.7634782791137695
DINO loss: 5.962043285369873
DINO loss: 5.763734340667725
Epoch: [0]  [   5680/1303223]  eta: 19:54:52  lr: 0.000000  weight_decay: 0.040000  loss: 5.868331 (6.525391)  wd: 0.040000 (0.040000)  time: 0.055014  data: 0.004430  max mem: 245
DINO loss: 5.8866777420043945
DINO loss: 5.8321075439453125
DINO loss: 5.649899959564209
DINO loss: 5.920259475708008
DINO loss: 5.862186431884766
DINO loss: 5.919936180114746
DINO loss: 5.704732894897461
DINO loss: 5.798290729522705
DINO loss: 5.784183979034424
DINO loss: 5.948336601257324
Epoch: [0]  [   5690/1303223]  eta: 19:54:51  lr: 0.000000  weight_decay: 0.040000  loss: 5.832108 (6.524170)  wd: 0.040000 (0.040000)  time: 0.055048  data: 0.004426  max mem: 245
DINO loss: 6.0686726570129395
DINO loss: 5.923069000244141
DINO loss: 5.987183570861816
DINO loss: 5.762341499328613
DINO loss: 5.871788024902344
DINO loss: 5.747652053833008
DINO loss: 5.9717488288879395
DINO loss: 5.927516460418701
DINO loss: 5.926318168640137
DINO loss: 5.714761257171631
Epoch: [0]  [   5700/1303223]  eta: 19:54:50  lr: 0.000000  weight_decay: 0.040000  loss: 5.871788 (6.523058)  wd: 0.040000 (0.040000)  time: 0.055062  data: 0.004444  max mem: 245
DINO loss: 5.974210739135742
DINO loss: 5.641752243041992
DINO loss: 5.9823408126831055
DINO loss: 6.084242343902588
DINO loss: 6.060033321380615
DINO loss: 5.867661952972412
DINO loss: 5.9230475425720215
DINO loss: 6.023223876953125
DINO loss: 6.168818473815918
DINO loss: 5.88581657409668
Epoch: [0]  [   5710/1303223]  eta: 19:54:49  lr: 0.000000  weight_decay: 0.040000  loss: 5.926318 (6.522074)  wd: 0.040000 (0.040000)  time: 0.055042  data: 0.004442  max mem: 245
DINO loss: 5.621788501739502
DINO loss: 5.871479034423828
DINO loss: 5.967235565185547
DINO loss: 5.658239841461182
DINO loss: 5.948346138000488
DINO loss: 5.9672980308532715
DINO loss: 5.7687153816223145
DINO loss: 5.65818977355957
DINO loss: 5.795506477355957
DINO loss: 5.793596267700195
Epoch: [0]  [   5720/1303223]  eta: 19:54:48  lr: 0.000000  weight_decay: 0.040000  loss: 5.885817 (6.520820)  wd: 0.040000 (0.040000)  time: 0.055027  data: 0.004426  max mem: 245
DINO loss: 5.815919399261475
DINO loss: 5.972136497497559
DINO loss: 5.718100070953369
DINO loss: 5.785131454467773
DINO loss: 5.708714485168457
DINO loss: 5.761186599731445
DINO loss: 5.670463562011719
DINO loss: 5.819650650024414
DINO loss: 5.666004657745361
DINO loss: 5.720358848571777
Epoch: [0]  [   5730/1303223]  eta: 19:54:47  lr: 0.000000  weight_decay: 0.040000  loss: 5.768715 (6.519499)  wd: 0.040000 (0.040000)  time: 0.055034  data: 0.004437  max mem: 245
DINO loss: 5.959041595458984
DINO loss: 5.949440956115723
DINO loss: 5.766171455383301
DINO loss: 6.019713401794434
DINO loss: 5.867536544799805
DINO loss: 6.053660869598389
DINO loss: 5.724153518676758
DINO loss: 5.75898551940918
DINO loss: 5.769516468048096
DINO loss: 5.962066650390625
Epoch: [0]  [   5740/1303223]  eta: 19:54:46  lr: 0.000000  weight_decay: 0.040000  loss: 5.769516 (6.518391)  wd: 0.040000 (0.040000)  time: 0.054988  data: 0.004438  max mem: 245
DINO loss: 5.849856853485107
DINO loss: 5.635141372680664
DINO loss: 5.86012077331543
DINO loss: 5.446967124938965
DINO loss: 5.931771278381348
DINO loss: 5.946855068206787
DINO loss: 5.7143096923828125
DINO loss: 5.862430572509766
DINO loss: 5.980262279510498
DINO loss: 5.782122611999512
Epoch: [0]  [   5750/1303223]  eta: 19:54:45  lr: 0.000000  weight_decay: 0.040000  loss: 5.860121 (6.517143)  wd: 0.040000 (0.040000)  time: 0.054948  data: 0.004423  max mem: 245
DINO loss: 5.919151306152344
DINO loss: 5.680819511413574
DINO loss: 5.624231338500977
DINO loss: 5.750970363616943
DINO loss: 5.842967987060547
DINO loss: 5.669118881225586
DINO loss: 5.736631393432617
DINO loss: 5.78579044342041
DINO loss: 5.822416305541992
DINO loss: 5.641626358032227
Epoch: [0]  [   5760/1303223]  eta: 19:54:44  lr: 0.000000  weight_decay: 0.040000  loss: 5.782123 (6.515807)  wd: 0.040000 (0.040000)  time: 0.054976  data: 0.004424  max mem: 245
DINO loss: 5.903228759765625
DINO loss: 5.8759565353393555
DINO loss: 5.872946262359619
DINO loss: 5.797325134277344
DINO loss: 5.753762722015381
DINO loss: 5.898458957672119
DINO loss: 5.769960403442383
DINO loss: 5.856747627258301
DINO loss: 5.890420913696289
DINO loss: 5.790226936340332
Epoch: [0]  [   5770/1303223]  eta: 19:54:43  lr: 0.000000  weight_decay: 0.040000  loss: 5.790227 (6.514638)  wd: 0.040000 (0.040000)  time: 0.055037  data: 0.004435  max mem: 245
DINO loss: 5.748871803283691
DINO loss: 5.9071455001831055
DINO loss: 6.03610897064209
DINO loss: 5.675349235534668
DINO loss: 5.6782073974609375
DINO loss: 5.883643627166748
DINO loss: 6.0226287841796875
DINO loss: 5.829060077667236
DINO loss: 6.050492286682129
DINO loss: 5.710748672485352
Epoch: [0]  [   5780/1303223]  eta: 19:54:41  lr: 0.000000  weight_decay: 0.040000  loss: 5.856748 (6.513495)  wd: 0.040000 (0.040000)  time: 0.055021  data: 0.004434  max mem: 245
DINO loss: 5.827861785888672
DINO loss: 5.706289768218994
DINO loss: 5.829021453857422
DINO loss: 5.8559064865112305
DINO loss: 5.745704174041748
DINO loss: 5.752044677734375
DINO loss: 5.682125091552734
DINO loss: 6.004737854003906
DINO loss: 5.823904037475586
DINO loss: 6.054745674133301
Epoch: [0]  [   5790/1303223]  eta: 19:54:40  lr: 0.000000  weight_decay: 0.040000  loss: 5.827862 (6.512312)  wd: 0.040000 (0.040000)  time: 0.054984  data: 0.004421  max mem: 245
DINO loss: 5.913159370422363
DINO loss: 5.908886909484863
DINO loss: 6.081669330596924
DINO loss: 5.931690216064453
DINO loss: 5.9162492752075195
DINO loss: 5.882743835449219
DINO loss: 5.831641674041748
DINO loss: 5.627307891845703
DINO loss: 5.839997291564941
DINO loss: 5.79666805267334
Epoch: [0]  [   5800/1303223]  eta: 19:54:39  lr: 0.000000  weight_decay: 0.040000  loss: 5.831642 (6.511210)  wd: 0.040000 (0.040000)  time: 0.055001  data: 0.004432  max mem: 245
DINO loss: 5.842864513397217
DINO loss: 5.854763984680176
DINO loss: 5.844761848449707
DINO loss: 5.968025207519531
DINO loss: 5.905214309692383
DINO loss: 6.16874885559082
DINO loss: 6.024664878845215
DINO loss: 5.911734580993652
DINO loss: 5.5354108810424805
DINO loss: 5.72641134262085
Epoch: [0]  [   5810/1303223]  eta: 19:54:38  lr: 0.000000  weight_decay: 0.040000  loss: 5.882744 (6.510121)  wd: 0.040000 (0.040000)  time: 0.055013  data: 0.004442  max mem: 245
DINO loss: 5.861245632171631
DINO loss: 5.521763801574707
DINO loss: 5.990242958068848
DINO loss: 5.731410026550293
DINO loss: 5.663078784942627
DINO loss: 5.77272891998291
DINO loss: 5.5538482666015625
DINO loss: 5.657939910888672
DINO loss: 5.822481155395508
DINO loss: 5.9795427322387695
Epoch: [0]  [   5820/1303223]  eta: 19:54:37  lr: 0.000000  weight_decay: 0.040000  loss: 5.842865 (6.508824)  wd: 0.040000 (0.040000)  time: 0.055000  data: 0.004426  max mem: 245
DINO loss: 5.91655158996582
DINO loss: 5.657809257507324
DINO loss: 5.737192153930664
DINO loss: 6.013800621032715
DINO loss: 6.077691555023193
DINO loss: 5.920377731323242
DINO loss: 5.869814395904541
DINO loss: 5.7068376541137695
DINO loss: 5.9693603515625
DINO loss: 5.542707443237305
Epoch: [0]  [   5830/1303223]  eta: 19:54:36  lr: 0.000000  weight_decay: 0.040000  loss: 5.772729 (6.507679)  wd: 0.040000 (0.040000)  time: 0.054961  data: 0.004422  max mem: 245
DINO loss: 5.9698333740234375
DINO loss: 5.80514669418335
DINO loss: 6.02269172668457
DINO loss: 5.866495609283447
DINO loss: 5.8461012840271
DINO loss: 5.7157182693481445
DINO loss: 5.653860092163086
DINO loss: 5.861734390258789
DINO loss: 5.773740291595459
DINO loss: 5.94611930847168
Epoch: [0]  [   5840/1303223]  eta: 19:54:35  lr: 0.000000  weight_decay: 0.040000  loss: 5.861734 (6.506547)  wd: 0.040000 (0.040000)  time: 0.054975  data: 0.004429  max mem: 245
DINO loss: 5.650117874145508
DINO loss: 5.651345252990723
DINO loss: 5.785282611846924
DINO loss: 5.666683673858643
DINO loss: 6.132136821746826
DINO loss: 5.806118965148926
DINO loss: 5.933454513549805
DINO loss: 5.803436279296875
DINO loss: 5.638248920440674
DINO loss: 5.822197914123535
Epoch: [0]  [   5850/1303223]  eta: 19:54:34  lr: 0.000000  weight_decay: 0.040000  loss: 5.805147 (6.505320)  wd: 0.040000 (0.040000)  time: 0.054998  data: 0.004425  max mem: 245
DINO loss: 5.613518714904785
DINO loss: 5.804380416870117
DINO loss: 5.702455043792725
DINO loss: 6.002094268798828
DINO loss: 5.983175754547119
DINO loss: 5.958410263061523
DINO loss: 6.134400844573975
DINO loss: 5.938231945037842
DINO loss: 5.62852668762207
DINO loss: 5.673364162445068
Epoch: [0]  [   5860/1303223]  eta: 19:54:32  lr: 0.000000  weight_decay: 0.040000  loss: 5.803436 (6.504192)  wd: 0.040000 (0.040000)  time: 0.054986  data: 0.004422  max mem: 245
DINO loss: 5.792683124542236
DINO loss: 5.820443153381348
DINO loss: 5.724450588226318
DINO loss: 5.702032566070557
DINO loss: 5.765300750732422
DINO loss: 5.794333457946777
DINO loss: 5.678493976593018
DINO loss: 5.588579177856445
DINO loss: 5.987361907958984
DINO loss: 5.672274589538574
Epoch: [0]  [   5870/1303223]  eta: 19:54:31  lr: 0.000000  weight_decay: 0.040000  loss: 5.765301 (6.502911)  wd: 0.040000 (0.040000)  time: 0.054977  data: 0.004428  max mem: 245
DINO loss: 5.837744235992432
DINO loss: 5.718976020812988
DINO loss: 5.8232221603393555
DINO loss: 5.991743087768555
DINO loss: 5.7207231521606445
DINO loss: 5.862261772155762
DINO loss: 5.598055839538574
DINO loss: 5.609428882598877
DINO loss: 5.638930320739746
DINO loss: 5.988398551940918
Epoch: [0]  [   5880/1303223]  eta: 19:54:30  lr: 0.000000  weight_decay: 0.040000  loss: 5.724451 (6.501680)  wd: 0.040000 (0.040000)  time: 0.054983  data: 0.004437  max mem: 245
DINO loss: 5.685773849487305
DINO loss: 5.543624401092529
DINO loss: 5.742180347442627
DINO loss: 5.924005508422852
DINO loss: 5.78134822845459
DINO loss: 5.759103775024414
DINO loss: 5.745182991027832
DINO loss: 5.882133960723877
DINO loss: 5.845571994781494
DINO loss: 5.7657575607299805
Epoch: [0]  [   5890/1303223]  eta: 19:54:29  lr: 0.000000  weight_decay: 0.040000  loss: 5.759104 (6.500434)  wd: 0.040000 (0.040000)  time: 0.054981  data: 0.004435  max mem: 245
DINO loss: 5.715799331665039
DINO loss: 5.74666690826416
DINO loss: 5.578958988189697
DINO loss: 5.618897438049316
DINO loss: 6.151611804962158
DINO loss: 5.665844440460205
DINO loss: 5.323424816131592
DINO loss: 5.615520477294922
DINO loss: 5.6880340576171875
DINO loss: 5.818853855133057
Epoch: [0]  [   5900/1303223]  eta: 19:54:28  lr: 0.000000  weight_decay: 0.040000  loss: 5.742180 (6.499065)  wd: 0.040000 (0.040000)  time: 0.054969  data: 0.004427  max mem: 245
DINO loss: 5.354951858520508
DINO loss: 5.553059101104736
DINO loss: 5.612671852111816
DINO loss: 5.8699564933776855
DINO loss: 5.861701011657715
DINO loss: 5.655535697937012
DINO loss: 5.6972432136535645
DINO loss: 5.697031021118164
DINO loss: 5.761692047119141
DINO loss: 5.659175872802734
Epoch: [0]  [   5910/1303223]  eta: 19:54:27  lr: 0.000000  weight_decay: 0.040000  loss: 5.665844 (6.497666)  wd: 0.040000 (0.040000)  time: 0.055014  data: 0.004437  max mem: 245
DINO loss: 5.708680629730225
DINO loss: 5.884235382080078
DINO loss: 5.85516357421875
DINO loss: 5.692028045654297
DINO loss: 5.866875171661377
DINO loss: 5.620022296905518
DINO loss: 5.659687042236328
DINO loss: 5.715886116027832
DINO loss: 5.586915493011475
DINO loss: 5.515145778656006
Epoch: [0]  [   5920/1303223]  eta: 19:54:26  lr: 0.000000  weight_decay: 0.040000  loss: 5.692028 (6.496336)  wd: 0.040000 (0.040000)  time: 0.055022  data: 0.004432  max mem: 245
DINO loss: 5.59876823425293
DINO loss: 5.569266319274902
DINO loss: 5.834951877593994
DINO loss: 5.714677810668945
DINO loss: 5.674307823181152
DINO loss: 5.751687049865723
DINO loss: 5.5489654541015625
DINO loss: 5.641407489776611
DINO loss: 5.7021164894104
DINO loss: 5.346278190612793
Epoch: [0]  [   5930/1303223]  eta: 19:54:25  lr: 0.000000  weight_decay: 0.040000  loss: 5.674308 (6.494890)  wd: 0.040000 (0.040000)  time: 0.054998  data: 0.004429  max mem: 245
DINO loss: 5.615438461303711
DINO loss: 5.318655014038086
DINO loss: 5.317406177520752
DINO loss: 5.55410099029541
DINO loss: 5.6921491622924805
DINO loss: 5.629397392272949
DINO loss: 5.687156677246094
DINO loss: 5.540943145751953
DINO loss: 5.806604385375977
DINO loss: 5.776092052459717
Epoch: [0]  [   5940/1303223]  eta: 19:54:24  lr: 0.000000  weight_decay: 0.040000  loss: 5.629397 (6.493373)  wd: 0.040000 (0.040000)  time: 0.054995  data: 0.004442  max mem: 245
DINO loss: 5.461252212524414
DINO loss: 5.40927791595459
DINO loss: 5.58486795425415
DINO loss: 5.596930027008057
DINO loss: 5.74193000793457
DINO loss: 5.581526279449463
DINO loss: 5.450026035308838
DINO loss: 5.792552471160889
DINO loss: 5.795761585235596
DINO loss: 5.797101974487305
Epoch: [0]  [   5950/1303223]  eta: 19:54:23  lr: 0.000000  weight_decay: 0.040000  loss: 5.596930 (6.491907)  wd: 0.040000 (0.040000)  time: 0.054999  data: 0.004435  max mem: 245
DINO loss: 5.839241981506348
DINO loss: 5.539914131164551
DINO loss: 5.904517650604248
DINO loss: 5.649110794067383
DINO loss: 5.314089775085449
DINO loss: 5.710321426391602
DINO loss: 5.7348785400390625
DINO loss: 5.682889461517334
DINO loss: 5.786462783813477
DINO loss: 5.507513523101807
Epoch: [0]  [   5960/1303223]  eta: 19:54:21  lr: 0.000000  weight_decay: 0.040000  loss: 5.649111 (6.490523)  wd: 0.040000 (0.040000)  time: 0.054974  data: 0.004421  max mem: 245
DINO loss: 5.664055824279785
DINO loss: 5.5679850578308105
DINO loss: 5.688601016998291
DINO loss: 5.90687370300293
DINO loss: 5.652360439300537
DINO loss: 5.513935089111328
DINO loss: 5.319357872009277
DINO loss: 5.619729995727539
DINO loss: 5.83141565322876
DINO loss: 5.650895118713379
Epoch: [0]  [   5970/1303223]  eta: 19:54:20  lr: 0.000000  weight_decay: 0.040000  loss: 5.652360 (6.489101)  wd: 0.040000 (0.040000)  time: 0.054950  data: 0.004422  max mem: 245
DINO loss: 5.588675498962402
DINO loss: 5.424734592437744
DINO loss: 5.629312515258789
DINO loss: 5.889069557189941
DINO loss: 5.7373576164245605
DINO loss: 5.601364612579346
DINO loss: 5.504334449768066
DINO loss: 5.601504802703857
DINO loss: 5.553077697753906
DINO loss: 5.677106857299805
Epoch: [0]  [   5980/1303223]  eta: 19:54:19  lr: 0.000000  weight_decay: 0.040000  loss: 5.619730 (6.487649)  wd: 0.040000 (0.040000)  time: 0.054979  data: 0.004431  max mem: 245
DINO loss: 5.607122898101807
DINO loss: 5.526227951049805
DINO loss: 5.514315605163574
DINO loss: 5.386203765869141
DINO loss: 5.521868705749512
DINO loss: 5.718814373016357
DINO loss: 5.795427322387695
DINO loss: 5.786733150482178
DINO loss: 5.722501754760742
DINO loss: 5.5495476722717285
Epoch: [0]  [   5990/1303223]  eta: 19:54:18  lr: 0.000000  weight_decay: 0.040000  loss: 5.601365 (6.486189)  wd: 0.040000 (0.040000)  time: 0.055005  data: 0.004436  max mem: 245
DINO loss: 5.54912805557251
DINO loss: 5.677690505981445
DINO loss: 5.782779693603516
DINO loss: 5.571173191070557
DINO loss: 5.82753849029541
DINO loss: 5.453005313873291
DINO loss: 5.474699020385742
DINO loss: 5.699977397918701
DINO loss: 5.729475975036621
DINO loss: 5.792532920837402
Epoch: [0]  [   6000/1303223]  eta: 19:54:17  lr: 0.000000  weight_decay: 0.040000  loss: 5.607123 (6.484805)  wd: 0.040000 (0.040000)  time: 0.055017  data: 0.004437  max mem: 245
DINO loss: 6.00869083404541
DINO loss: 5.686177730560303
DINO loss: 5.7159552574157715
DINO loss: 5.7354888916015625
DINO loss: 5.865126609802246
DINO loss: 5.556356430053711
DINO loss: 5.64013147354126
DINO loss: 5.390002727508545
DINO loss: 5.8391594886779785
DINO loss: 5.571634292602539
Epoch: [0]  [   6010/1303223]  eta: 19:54:16  lr: 0.000000  weight_decay: 0.040000  loss: 5.686178 (6.483501)  wd: 0.040000 (0.040000)  time: 0.055059  data: 0.004432  max mem: 245
DINO loss: 5.673905849456787
DINO loss: 5.72653865814209
DINO loss: 5.541031360626221
DINO loss: 5.576485633850098
DINO loss: 5.7543134689331055
DINO loss: 5.60262393951416
DINO loss: 5.616396903991699
DINO loss: 5.833065509796143
DINO loss: 5.632595539093018
DINO loss: 5.679826736450195
Epoch: [0]  [   6020/1303223]  eta: 19:54:15  lr: 0.000000  weight_decay: 0.040000  loss: 5.673906 (6.482140)  wd: 0.040000 (0.040000)  time: 0.055044  data: 0.004423  max mem: 245
DINO loss: 5.933298110961914
DINO loss: 5.312455177307129
DINO loss: 5.672324180603027
DINO loss: 5.609079837799072
DINO loss: 5.544653415679932
DINO loss: 5.749697208404541
DINO loss: 5.478200912475586
DINO loss: 5.781335830688477
DINO loss: 5.3980207443237305
DINO loss: 5.777618408203125
Epoch: [0]  [   6030/1303223]  eta: 19:54:14  lr: 0.000000  weight_decay: 0.040000  loss: 5.632596 (6.480719)  wd: 0.040000 (0.040000)  time: 0.054990  data: 0.004418  max mem: 245
DINO loss: 5.403044700622559
DINO loss: 5.549166679382324
DINO loss: 5.629261493682861
DINO loss: 5.55345344543457
DINO loss: 5.442473411560059
DINO loss: 5.511290073394775
DINO loss: 5.6335625648498535
DINO loss: 5.722424507141113
DINO loss: 5.73415470123291
DINO loss: 5.501310348510742
Epoch: [0]  [   6040/1303223]  eta: 19:54:13  lr: 0.000000  weight_decay: 0.040000  loss: 5.553453 (6.479209)  wd: 0.040000 (0.040000)  time: 0.054984  data: 0.004418  max mem: 245
DINO loss: 5.66131591796875
DINO loss: 5.6785502433776855
DINO loss: 5.5164337158203125
DINO loss: 5.8326416015625
DINO loss: 5.722629547119141
DINO loss: 5.765314102172852
DINO loss: 5.493728160858154
DINO loss: 6.01982307434082
DINO loss: 5.890646934509277
DINO loss: 5.510023593902588
Epoch: [0]  [   6050/1303223]  eta: 19:54:12  lr: 0.000000  weight_decay: 0.040000  loss: 5.629261 (6.477936)  wd: 0.040000 (0.040000)  time: 0.054987  data: 0.004430  max mem: 245
DINO loss: 5.405468940734863
DINO loss: 5.695428371429443
DINO loss: 5.636663913726807
DINO loss: 5.655610084533691
DINO loss: 5.594094276428223
DINO loss: 5.544285774230957
DINO loss: 5.699270248413086
DINO loss: 5.647433280944824
DINO loss: 5.542243003845215
DINO loss: 5.507486820220947
Epoch: [0]  [   6060/1303223]  eta: 19:54:11  lr: 0.000000  weight_decay: 0.040000  loss: 5.647433 (6.476476)  wd: 0.040000 (0.040000)  time: 0.054986  data: 0.004432  max mem: 245
DINO loss: 5.735890865325928
DINO loss: 5.525420188903809
DINO loss: 5.759718894958496
DINO loss: 5.530635833740234
DINO loss: 5.79112434387207
DINO loss: 5.357121467590332
DINO loss: 5.583039283752441
DINO loss: 5.682008743286133
DINO loss: 5.418963432312012
DINO loss: 5.707146167755127
Epoch: [0]  [   6070/1303223]  eta: 19:54:10  lr: 0.000000  weight_decay: 0.040000  loss: 5.594094 (6.475047)  wd: 0.040000 (0.040000)  time: 0.054952  data: 0.004414  max mem: 245
DINO loss: 5.399414539337158
DINO loss: 5.702812194824219
DINO loss: 5.396509647369385
DINO loss: 5.903938293457031
DINO loss: 5.794010162353516
DINO loss: 5.804327964782715
DINO loss: 5.463635444641113
DINO loss: 5.441555976867676
DINO loss: 5.37537956237793
DINO loss: 5.69991397857666
Epoch: [0]  [   6080/1303223]  eta: 19:54:09  lr: 0.000000  weight_decay: 0.040000  loss: 5.583039 (6.473605)  wd: 0.040000 (0.040000)  time: 0.054984  data: 0.004415  max mem: 245
DINO loss: 5.4918317794799805
DINO loss: 5.891355514526367
DINO loss: 5.4211039543151855
DINO loss: 5.195980548858643
DINO loss: 5.501847743988037
DINO loss: 5.591654300689697
DINO loss: 5.5753560066223145
DINO loss: 5.376015663146973
DINO loss: 5.40251350402832
DINO loss: 5.674136161804199
Epoch: [0]  [   6090/1303223]  eta: 19:54:07  lr: 0.000000  weight_decay: 0.040000  loss: 5.491832 (6.472026)  wd: 0.040000 (0.040000)  time: 0.055013  data: 0.004426  max mem: 245
DINO loss: 5.559012413024902
DINO loss: 5.760496616363525
DINO loss: 5.5581865310668945
DINO loss: 5.531306266784668
DINO loss: 5.45994758605957
DINO loss: 5.601086616516113
DINO loss: 5.730119705200195
DINO loss: 5.727880001068115
DINO loss: 5.428861618041992
DINO loss: 5.587692737579346
Epoch: [0]  [   6100/1303223]  eta: 19:54:06  lr: 0.000000  weight_decay: 0.040000  loss: 5.558187 (6.470588)  wd: 0.040000 (0.040000)  time: 0.054980  data: 0.004419  max mem: 245
DINO loss: 5.352166175842285
DINO loss: 5.545884132385254
DINO loss: 5.646910667419434
DINO loss: 5.988214492797852
DINO loss: 5.804815292358398
DINO loss: 5.801980495452881
DINO loss: 5.61860466003418
DINO loss: 5.562531471252441
DINO loss: 5.6030426025390625
DINO loss: 5.948548316955566
Epoch: [0]  [   6110/1303223]  eta: 19:54:05  lr: 0.000000  weight_decay: 0.040000  loss: 5.601087 (6.469306)  wd: 0.040000 (0.040000)  time: 0.054975  data: 0.004418  max mem: 245
DINO loss: 6.015865802764893
DINO loss: 5.759909152984619
DINO loss: 5.612249374389648
DINO loss: 5.788958549499512
DINO loss: 5.607976913452148
DINO loss: 5.853490829467773
DINO loss: 5.555580139160156
DINO loss: 5.791292190551758
DINO loss: 5.58739709854126
DINO loss: 5.9207353591918945
Epoch: [0]  [   6120/1303223]  eta: 19:54:04  lr: 0.000000  weight_decay: 0.040000  loss: 5.646911 (6.468130)  wd: 0.040000 (0.040000)  time: 0.054994  data: 0.004426  max mem: 245
DINO loss: 5.692031383514404
DINO loss: 5.684700965881348
DINO loss: 5.604392051696777
DINO loss: 5.627994537353516
DINO loss: 5.259115219116211
DINO loss: 5.896208763122559
DINO loss: 5.698986053466797
DINO loss: 5.654630184173584
DINO loss: 5.3969573974609375
DINO loss: 5.592007637023926
Epoch: [0]  [   6130/1303223]  eta: 19:54:03  lr: 0.000000  weight_decay: 0.040000  loss: 5.654630 (6.466731)  wd: 0.040000 (0.040000)  time: 0.055017  data: 0.004431  max mem: 245
DINO loss: 5.44694709777832
DINO loss: 5.812484264373779
DINO loss: 5.541844367980957
DINO loss: 5.604414463043213
DINO loss: 5.327081680297852
DINO loss: 5.492047309875488
DINO loss: 5.52214241027832
DINO loss: 5.808110237121582
DINO loss: 5.515807151794434
DINO loss: 5.711485862731934
Epoch: [0]  [   6140/1303223]  eta: 19:54:02  lr: 0.000000  weight_decay: 0.040000  loss: 5.604392 (6.465285)  wd: 0.040000 (0.040000)  time: 0.055017  data: 0.004430  max mem: 245
DINO loss: 5.58281135559082
DINO loss: 5.6356916427612305
DINO loss: 5.809225082397461
DINO loss: 5.596628189086914
DINO loss: 5.472764492034912
DINO loss: 5.669718265533447
DINO loss: 5.696422576904297
DINO loss: 5.558127403259277
DINO loss: 5.7508864402771
DINO loss: 5.450533866882324
Epoch: [0]  [   6150/1303223]  eta: 19:54:01  lr: 0.000000  weight_decay: 0.040000  loss: 5.582811 (6.463914)  wd: 0.040000 (0.040000)  time: 0.055017  data: 0.004422  max mem: 245
DINO loss: 5.545650482177734
DINO loss: 5.530402183532715
DINO loss: 5.330559730529785
DINO loss: 5.502836227416992
DINO loss: 5.510803699493408
DINO loss: 5.37911319732666
DINO loss: 5.283388614654541
DINO loss: 5.578498840332031
DINO loss: 5.508437633514404
DINO loss: 5.539584159851074
Epoch: [0]  [   6160/1303223]  eta: 19:54:00  lr: 0.000000  weight_decay: 0.040000  loss: 5.539584 (6.462302)  wd: 0.040000 (0.040000)  time: 0.054997  data: 0.004421  max mem: 245
DINO loss: 5.60728645324707
DINO loss: 5.429958343505859
DINO loss: 5.313958168029785
DINO loss: 5.956766128540039
DINO loss: 5.300704002380371
DINO loss: 5.68154239654541
DINO loss: 5.72474479675293
DINO loss: 5.5453901290893555
DINO loss: 5.1764631271362305
DINO loss: 5.78023099899292
Epoch: [0]  [   6170/1303223]  eta: 19:53:59  lr: 0.000000  weight_decay: 0.040000  loss: 5.510804 (6.460827)  wd: 0.040000 (0.040000)  time: 0.054968  data: 0.004421  max mem: 245
DINO loss: 5.619494438171387
DINO loss: 5.702585697174072
DINO loss: 5.773454666137695
DINO loss: 5.787315368652344
DINO loss: 5.258284568786621
DINO loss: 5.736675262451172
DINO loss: 4.972482681274414
DINO loss: 5.3216729164123535
DINO loss: 5.529229164123535
DINO loss: 5.523679733276367
Epoch: [0]  [   6180/1303223]  eta: 19:53:58  lr: 0.000000  weight_decay: 0.040000  loss: 5.545390 (6.459309)  wd: 0.040000 (0.040000)  time: 0.054997  data: 0.004422  max mem: 245
DINO loss: 5.818197250366211
DINO loss: 5.369147777557373
DINO loss: 5.289081573486328
DINO loss: 5.37721061706543
DINO loss: 5.530816078186035
DINO loss: 5.414881706237793
DINO loss: 5.24208927154541
DINO loss: 5.4283976554870605
DINO loss: 5.522743225097656
DINO loss: 5.260359764099121
Epoch: [0]  [   6190/1303223]  eta: 19:53:57  lr: 0.000000  weight_decay: 0.040000  loss: 5.428398 (6.457638)  wd: 0.040000 (0.040000)  time: 0.055016  data: 0.004430  max mem: 245
DINO loss: 5.703180313110352
DINO loss: 5.543128967285156
DINO loss: 5.529444217681885
DINO loss: 5.729851245880127
DINO loss: 5.607966423034668
DINO loss: 5.411800384521484
DINO loss: 5.3378119468688965
DINO loss: 5.212991714477539
DINO loss: 5.582159042358398
DINO loss: 5.499113082885742
Epoch: [0]  [   6200/1303223]  eta: 19:53:56  lr: 0.000000  weight_decay: 0.040000  loss: 5.428398 (6.456120)  wd: 0.040000 (0.040000)  time: 0.055037  data: 0.004430  max mem: 245
DINO loss: 5.500092506408691
DINO loss: 5.381441116333008
DINO loss: 5.641391754150391
DINO loss: 5.463305950164795
DINO loss: 5.712865829467773
DINO loss: 5.749354362487793
DINO loss: 5.444962501525879
DINO loss: 5.674201011657715
DINO loss: 5.578306674957275
DINO loss: 5.7344489097595215
Epoch: [0]  [   6210/1303223]  eta: 19:53:55  lr: 0.000000  weight_decay: 0.040000  loss: 5.543129 (6.454722)  wd: 0.040000 (0.040000)  time: 0.055033  data: 0.004416  max mem: 245
DINO loss: 5.53388786315918
DINO loss: 5.012696266174316
DINO loss: 5.345200538635254
DINO loss: 5.372118949890137
DINO loss: 5.432232856750488
DINO loss: 5.664779186248779
DINO loss: 5.705735206604004
DINO loss: 5.661089897155762
DINO loss: 5.656951904296875
DINO loss: 5.778974533081055
Epoch: [0]  [   6220/1303223]  eta: 19:53:54  lr: 0.000000  weight_decay: 0.040000  loss: 5.578307 (6.453214)  wd: 0.040000 (0.040000)  time: 0.054987  data: 0.004419  max mem: 245
DINO loss: 5.201565742492676
DINO loss: 5.600039482116699
DINO loss: 5.5331196784973145
DINO loss: 5.30886697769165
DINO loss: 5.374619483947754
DINO loss: 5.612789630889893
DINO loss: 5.37908935546875
DINO loss: 5.340266227722168
DINO loss: 5.382378578186035
DINO loss: 5.2305145263671875
Epoch: [0]  [   6230/1303223]  eta: 19:53:53  lr: 0.000000  weight_decay: 0.040000  loss: 5.382379 (6.451517)  wd: 0.040000 (0.040000)  time: 0.054988  data: 0.004433  max mem: 245
DINO loss: 5.509575843811035
DINO loss: 5.749056339263916
DINO loss: 5.859113693237305
DINO loss: 5.2097554206848145
DINO loss: 5.594305992126465
DINO loss: 5.523833274841309
DINO loss: 5.352716445922852
DINO loss: 5.54990291595459
DINO loss: 5.380893707275391
DINO loss: 5.605932712554932
Epoch: [0]  [   6240/1303223]  eta: 19:53:52  lr: 0.000000  weight_decay: 0.040000  loss: 5.382379 (6.450046)  wd: 0.040000 (0.040000)  time: 0.054994  data: 0.004430  max mem: 245
DINO loss: 5.673243522644043
DINO loss: 5.361926078796387
DINO loss: 5.482561111450195
DINO loss: 5.292468070983887
DINO loss: 5.237083435058594
DINO loss: 5.805251121520996
DINO loss: 5.522716522216797
DINO loss: 5.57990837097168
DINO loss: 5.588817596435547
DINO loss: 5.3774733543396
Epoch: [0]  [   6250/1303223]  eta: 19:53:51  lr: 0.000000  weight_decay: 0.040000  loss: 5.522717 (6.448514)  wd: 0.040000 (0.040000)  time: 0.054972  data: 0.004427  max mem: 245
DINO loss: 5.189277648925781
DINO loss: 5.633026123046875
DINO loss: 5.355962753295898
DINO loss: 5.323659896850586
DINO loss: 5.555665016174316
DINO loss: 5.157258987426758
DINO loss: 5.595431804656982
DINO loss: 5.263462066650391
DINO loss: 5.712969779968262
DINO loss: 5.528108596801758
Epoch: [0]  [   6260/1303223]  eta: 19:53:50  lr: 0.000000  weight_decay: 0.040000  loss: 5.482561 (6.446890)  wd: 0.040000 (0.040000)  time: 0.054954  data: 0.004428  max mem: 245
DINO loss: 5.295233726501465
DINO loss: 5.7749176025390625
DINO loss: 5.320676803588867
DINO loss: 5.502821922302246
DINO loss: 5.69174861907959
DINO loss: 5.194964408874512
DINO loss: 5.667074203491211
DINO loss: 5.215310096740723
DINO loss: 5.523738861083984
DINO loss: 5.577988624572754
Epoch: [0]  [   6270/1303223]  eta: 19:53:49  lr: 0.000000  weight_decay: 0.040000  loss: 5.502822 (6.445342)  wd: 0.040000 (0.040000)  time: 0.054987  data: 0.004431  max mem: 245
DINO loss: 5.406364440917969
DINO loss: 5.3166399002075195
DINO loss: 5.479089736938477
DINO loss: 5.846608638763428
DINO loss: 5.173879623413086
DINO loss: 5.0024590492248535
DINO loss: 5.554601669311523
DINO loss: 5.280057907104492
DINO loss: 5.599074363708496
DINO loss: 5.368863105773926
Epoch: [0]  [   6280/1303223]  eta: 19:53:47  lr: 0.000000  weight_decay: 0.040000  loss: 5.406364 (6.443682)  wd: 0.040000 (0.040000)  time: 0.054967  data: 0.004428  max mem: 245
DINO loss: 5.164103984832764
DINO loss: 5.343865394592285
DINO loss: 5.5213823318481445
DINO loss: 5.47791862487793
DINO loss: 5.7378435134887695
DINO loss: 5.5351080894470215
DINO loss: 5.608588218688965
DINO loss: 5.399693012237549
DINO loss: 5.378892421722412
DINO loss: 5.680058479309082
Epoch: [0]  [   6290/1303223]  eta: 19:53:46  lr: 0.000000  weight_decay: 0.040000  loss: 5.406364 (6.442158)  wd: 0.040000 (0.040000)  time: 0.054974  data: 0.004424  max mem: 245
DINO loss: 5.441495895385742
DINO loss: 5.355733871459961
DINO loss: 5.7352399826049805
DINO loss: 5.342197895050049
DINO loss: 5.453803539276123
DINO loss: 5.19973611831665
DINO loss: 5.506717681884766
DINO loss: 5.505954742431641
DINO loss: 5.607394695281982
DINO loss: 4.9060564041137695
Epoch: [0]  [   6300/1303223]  eta: 19:53:45  lr: 0.000000  weight_decay: 0.040000  loss: 5.453804 (6.440513)  wd: 0.040000 (0.040000)  time: 0.055027  data: 0.004424  max mem: 245
DINO loss: 5.0085577964782715
DINO loss: 5.616676330566406
DINO loss: 5.604862213134766
DINO loss: 5.466701507568359
DINO loss: 5.561844348907471
DINO loss: 5.416837215423584
DINO loss: 5.441383361816406
DINO loss: 5.638710975646973
DINO loss: 5.731932640075684
DINO loss: 5.575477123260498
Epoch: [0]  [   6310/1303223]  eta: 19:53:44  lr: 0.000000  weight_decay: 0.040000  loss: 5.466702 (6.439032)  wd: 0.040000 (0.040000)  time: 0.054966  data: 0.004419  max mem: 245
DINO loss: 5.3520636558532715
DINO loss: 5.40504789352417
DINO loss: 5.481021404266357
DINO loss: 5.541007041931152
DINO loss: 4.867114067077637
DINO loss: 5.207891941070557
DINO loss: 5.331390380859375
DINO loss: 5.283850193023682
DINO loss: 5.50804328918457
DINO loss: 5.6080241203308105
Epoch: [0]  [   6320/1303223]  eta: 19:53:43  lr: 0.000000  weight_decay: 0.040000  loss: 5.466702 (6.437323)  wd: 0.040000 (0.040000)  time: 0.054957  data: 0.004427  max mem: 245
DINO loss: 5.3288798332214355
DINO loss: 5.830263614654541
DINO loss: 5.653960704803467
DINO loss: 5.708483695983887
DINO loss: 5.5585527420043945
DINO loss: 5.568808555603027
DINO loss: 5.500278472900391
DINO loss: 5.439553260803223
DINO loss: 5.491432189941406
DINO loss: 5.613889694213867
Epoch: [0]  [   6330/1303223]  eta: 19:53:42  lr: 0.000000  weight_decay: 0.040000  loss: 5.491432 (6.435952)  wd: 0.040000 (0.040000)  time: 0.055010  data: 0.004434  max mem: 245
DINO loss: 5.417344093322754
DINO loss: 5.774585247039795
DINO loss: 5.387829780578613
DINO loss: 5.6813836097717285
DINO loss: 5.1647138595581055
DINO loss: 5.275354385375977
DINO loss: 5.382536888122559
DINO loss: 5.337062358856201
DINO loss: 5.403180122375488
DINO loss: 5.210426330566406
Epoch: [0]  [   6340/1303223]  eta: 19:53:41  lr: 0.000000  weight_decay: 0.040000  loss: 5.439553 (6.434324)  wd: 0.040000 (0.040000)  time: 0.055029  data: 0.004432  max mem: 245
DINO loss: 5.289515495300293
DINO loss: 5.158431053161621
DINO loss: 5.529482841491699
DINO loss: 5.541893482208252
DINO loss: 5.977352142333984
DINO loss: 5.114565372467041
DINO loss: 5.055758476257324
DINO loss: 5.221055030822754
DINO loss: 5.73468017578125
DINO loss: 5.225799083709717
Epoch: [0]  [   6350/1303223]  eta: 19:53:40  lr: 0.000000  weight_decay: 0.040000  loss: 5.337062 (6.432671)  wd: 0.040000 (0.040000)  time: 0.054978  data: 0.004424  max mem: 245
DINO loss: 4.942502021789551
DINO loss: 5.1693525314331055
DINO loss: 5.24761962890625
DINO loss: 5.338488578796387
DINO loss: 5.180016040802002
DINO loss: 5.456424713134766
DINO loss: 5.429226875305176
DINO loss: 5.536646842956543
DINO loss: 5.550302028656006
DINO loss: 5.550887107849121
Epoch: [0]  [   6360/1303223]  eta: 19:53:39  lr: 0.000000  weight_decay: 0.040000  loss: 5.289515 (6.430954)  wd: 0.040000 (0.040000)  time: 0.054949  data: 0.004428  max mem: 245
DINO loss: 5.452242851257324
DINO loss: 5.292209625244141
DINO loss: 5.498685836791992
DINO loss: 5.311557769775391
DINO loss: 5.078459739685059
DINO loss: 5.554637432098389
DINO loss: 5.405481815338135
DINO loss: 4.9670610427856445
DINO loss: 5.188207626342773
DINO loss: 5.63419771194458
Epoch: [0]  [   6370/1303223]  eta: 19:53:38  lr: 0.000000  weight_decay: 0.040000  loss: 5.338489 (6.429239)  wd: 0.040000 (0.040000)  time: 0.055010  data: 0.004434  max mem: 245
DINO loss: 5.339969635009766
DINO loss: 5.447839736938477
DINO loss: 5.406434059143066
DINO loss: 5.475512504577637
DINO loss: 5.9054274559021
DINO loss: 5.3054022789001465
DINO loss: 5.066946983337402
DINO loss: 5.306824684143066
DINO loss: 4.709879398345947
DINO loss: 5.161490440368652
Epoch: [0]  [   6380/1303223]  eta: 19:53:37  lr: 0.000000  weight_decay: 0.040000  loss: 5.311558 (6.427489)  wd: 0.040000 (0.040000)  time: 0.055034  data: 0.004429  max mem: 245
DINO loss: 5.630358695983887
DINO loss: 5.539834022521973
DINO loss: 5.188287258148193
DINO loss: 5.401190757751465
DINO loss: 5.5438313484191895
DINO loss: 5.401928424835205
DINO loss: 5.50626277923584
DINO loss: 5.358529567718506
DINO loss: 5.254122734069824
DINO loss: 4.8048248291015625
Epoch: [0]  [   6390/1303223]  eta: 19:53:36  lr: 0.000000  weight_decay: 0.040000  loss: 5.358530 (6.425823)  wd: 0.040000 (0.040000)  time: 0.055018  data: 0.004426  max mem: 245
DINO loss: 5.1199188232421875
DINO loss: 5.1377716064453125
DINO loss: 5.026760578155518
DINO loss: 5.701476097106934
DINO loss: 5.201557159423828
DINO loss: 5.345914840698242
DINO loss: 5.413948059082031
DINO loss: 5.689977645874023
DINO loss: 5.74323844909668
DINO loss: 5.331309795379639
Epoch: [0]  [   6400/1303223]  eta: 19:53:35  lr: 0.000000  weight_decay: 0.040000  loss: 5.358530 (6.424175)  wd: 0.040000 (0.040000)  time: 0.055022  data: 0.004428  max mem: 245
DINO loss: 5.803439140319824
DINO loss: 5.35814094543457
DINO loss: 5.272294521331787
DINO loss: 5.481877326965332
DINO loss: 5.083993434906006
DINO loss: 5.635141849517822
DINO loss: 5.244679927825928
DINO loss: 5.449975490570068
DINO loss: 5.653887748718262
DINO loss: 5.262366771697998
Epoch: [0]  [   6410/1303223]  eta: 19:53:34  lr: 0.000000  weight_decay: 0.040000  loss: 5.345915 (6.422616)  wd: 0.040000 (0.040000)  time: 0.055026  data: 0.004427  max mem: 245
DINO loss: 5.482131481170654
DINO loss: 5.306025981903076
DINO loss: 5.049676418304443
DINO loss: 5.574522972106934
DINO loss: 4.997616767883301
DINO loss: 5.0477094650268555
DINO loss: 5.0689697265625
DINO loss: 5.1437177658081055
DINO loss: 5.361106872558594
DINO loss: 5.10318660736084
Epoch: [0]  [   6420/1303223]  eta: 19:53:33  lr: 0.000000  weight_decay: 0.040000  loss: 5.272295 (6.420733)  wd: 0.040000 (0.040000)  time: 0.055002  data: 0.004419  max mem: 245
DINO loss: 5.585019111633301
DINO loss: 5.772707939147949
DINO loss: 5.3359150886535645
DINO loss: 5.051647663116455
DINO loss: 5.252765655517578
DINO loss: 5.167015552520752
DINO loss: 5.25057315826416
DINO loss: 5.061454772949219
DINO loss: 5.4922871589660645
DINO loss: 5.3984785079956055
Epoch: [0]  [   6430/1303223]  eta: 19:53:32  lr: 0.000000  weight_decay: 0.040000  loss: 5.250573 (6.419048)  wd: 0.040000 (0.040000)  time: 0.054995  data: 0.004426  max mem: 245
DINO loss: 5.398892879486084
DINO loss: 5.483697891235352
DINO loss: 5.32700777053833
DINO loss: 5.550283432006836
DINO loss: 5.369043350219727
DINO loss: 5.4547529220581055
DINO loss: 5.6438093185424805
DINO loss: 5.618905544281006
DINO loss: 5.628716945648193
DINO loss: 5.646941661834717
Epoch: [0]  [   6440/1303223]  eta: 19:53:31  lr: 0.000000  weight_decay: 0.040000  loss: 5.398893 (6.417640)  wd: 0.040000 (0.040000)  time: 0.054933  data: 0.004431  max mem: 245
DINO loss: 5.372893333435059
DINO loss: 4.901211738586426
DINO loss: 5.013001441955566
DINO loss: 4.935551643371582
DINO loss: 5.380190849304199
DINO loss: 4.916497707366943
DINO loss: 5.282222270965576
DINO loss: 5.244617462158203
DINO loss: 5.32708740234375
DINO loss: 5.048093795776367
Epoch: [0]  [   6450/1303223]  eta: 19:53:30  lr: 0.000000  weight_decay: 0.040000  loss: 5.369043 (6.415662)  wd: 0.040000 (0.040000)  time: 0.054923  data: 0.004428  max mem: 245
DINO loss: 5.019330024719238
DINO loss: 5.395498275756836
DINO loss: 5.046011924743652
DINO loss: 5.548393249511719
DINO loss: 4.948195457458496
DINO loss: 4.937972545623779
DINO loss: 5.293389320373535
DINO loss: 5.456003189086914
DINO loss: 5.553615570068359
DINO loss: 5.235444068908691
Epoch: [0]  [   6460/1303223]  eta: 19:53:29  lr: 0.000000  weight_decay: 0.040000  loss: 5.235444 (6.413848)  wd: 0.040000 (0.040000)  time: 0.055013  data: 0.004422  max mem: 245
DINO loss: 5.147075653076172
DINO loss: 5.526052951812744
DINO loss: 5.313538074493408
DINO loss: 5.479089260101318
DINO loss: 5.479373931884766
DINO loss: 5.154197692871094
DINO loss: 5.102046012878418
DINO loss: 5.280926704406738
DINO loss: 5.401796340942383
DINO loss: 6.002490997314453
Epoch: [0]  [   6470/1303223]  eta: 19:53:28  lr: 0.000000  weight_decay: 0.040000  loss: 5.293389 (6.412264)  wd: 0.040000 (0.040000)  time: 0.055047  data: 0.004432  max mem: 245
DINO loss: 4.928411483764648
DINO loss: 4.948175430297852
DINO loss: 5.322018623352051
DINO loss: 5.466876983642578
DINO loss: 5.2390851974487305
DINO loss: 4.721639633178711
DINO loss: 5.410769462585449
DINO loss: 5.250469207763672
DINO loss: 5.58279275894165
DINO loss: 5.187959671020508
Epoch: [0]  [   6480/1303223]  eta: 19:53:27  lr: 0.000000  weight_decay: 0.040000  loss: 5.280927 (6.410402)  wd: 0.040000 (0.040000)  time: 0.055017  data: 0.004437  max mem: 245
DINO loss: 5.2444562911987305
DINO loss: 5.569780349731445
DINO loss: 5.724483966827393
DINO loss: 5.348228454589844
DINO loss: 5.433357238769531
DINO loss: 5.460400581359863
DINO loss: 5.240447998046875
DINO loss: 5.1052727699279785
DINO loss: 5.102229595184326
DINO loss: 5.556980133056641
Epoch: [0]  [   6490/1303223]  eta: 19:53:26  lr: 0.000000  weight_decay: 0.040000  loss: 5.250469 (6.408813)  wd: 0.040000 (0.040000)  time: 0.054998  data: 0.004418  max mem: 245
DINO loss: 5.176795959472656
DINO loss: 5.3016862869262695
DINO loss: 5.377572059631348
DINO loss: 5.2970075607299805
DINO loss: 5.442152500152588
DINO loss: 4.927306652069092
DINO loss: 5.275653839111328
DINO loss: 5.121706485748291
DINO loss: 5.395796775817871
DINO loss: 5.314859390258789
Epoch: [0]  [   6500/1303223]  eta: 19:53:25  lr: 0.000000  weight_decay: 0.040000  loss: 5.301686 (6.407050)  wd: 0.040000 (0.040000)  time: 0.055034  data: 0.004425  max mem: 245
DINO loss: 5.121604919433594
DINO loss: 5.386321067810059
DINO loss: 5.391792297363281
DINO loss: 5.3373870849609375
DINO loss: 4.939629554748535
DINO loss: 5.6117472648620605
DINO loss: 5.1356024742126465
DINO loss: 5.340470314025879
DINO loss: 5.267824649810791
DINO loss: 5.342464447021484
Epoch: [0]  [   6510/1303223]  eta: 19:53:24  lr: 0.000000  weight_decay: 0.040000  loss: 5.301686 (6.405331)  wd: 0.040000 (0.040000)  time: 0.055020  data: 0.004432  max mem: 245
DINO loss: 5.386198997497559
DINO loss: 4.850185394287109
DINO loss: 5.3042802810668945
DINO loss: 5.423405647277832
DINO loss: 5.585293769836426
DINO loss: 5.0009541511535645
DINO loss: 5.475854396820068
DINO loss: 5.200429439544678
DINO loss: 5.236656665802002
DINO loss: 5.439601898193359
Epoch: [0]  [   6520/1303223]  eta: 19:53:23  lr: 0.000000  weight_decay: 0.040000  loss: 5.337387 (6.403621)  wd: 0.040000 (0.040000)  time: 0.055000  data: 0.004417  max mem: 245
DINO loss: 4.916299819946289
DINO loss: 5.276937007904053
DINO loss: 5.0202436447143555
DINO loss: 5.3580851554870605
DINO loss: 5.332895278930664
DINO loss: 5.192275047302246
DINO loss: 4.79989767074585
DINO loss: 5.061949729919434
DINO loss: 4.873530387878418
DINO loss: 5.049008369445801
Epoch: [0]  [   6530/1303223]  eta: 19:53:22  lr: 0.000000  weight_decay: 0.040000  loss: 5.200429 (6.401606)  wd: 0.040000 (0.040000)  time: 0.055015  data: 0.004415  max mem: 245
DINO loss: 5.2563042640686035
DINO loss: 5.335628032684326
DINO loss: 5.0957465171813965
DINO loss: 5.239255905151367
DINO loss: 5.347630500793457
DINO loss: 5.235213279724121
DINO loss: 5.740978240966797
DINO loss: 5.298600196838379
DINO loss: 5.481287956237793
DINO loss: 5.3125433921813965
Epoch: [0]  [   6540/1303223]  eta: 19:53:21  lr: 0.000000  weight_decay: 0.040000  loss: 5.239256 (6.399975)  wd: 0.040000 (0.040000)  time: 0.055025  data: 0.004426  max mem: 245
DINO loss: 5.004720211029053
DINO loss: 4.833995819091797
DINO loss: 5.3262434005737305
DINO loss: 5.63083028793335
DINO loss: 5.484889030456543
DINO loss: 5.291101932525635
DINO loss: 5.006181716918945
DINO loss: 5.4590325355529785
DINO loss: 4.521268844604492
DINO loss: 5.446320056915283
Epoch: [0]  [   6550/1303223]  eta: 19:53:21  lr: 0.000000  weight_decay: 0.040000  loss: 5.298600 (6.398144)  wd: 0.040000 (0.040000)  time: 0.055061  data: 0.004437  max mem: 245
DINO loss: 5.767115592956543
DINO loss: 5.162178993225098
DINO loss: 5.159914970397949
DINO loss: 5.467946529388428
DINO loss: 5.002696990966797
DINO loss: 5.0347795486450195
DINO loss: 4.732480049133301
DINO loss: 5.505908966064453
DINO loss: 5.2638726234436035
DINO loss: 5.027133941650391
Epoch: [0]  [   6560/1303223]  eta: 19:53:20  lr: 0.000000  weight_decay: 0.040000  loss: 5.162179 (6.396336)  wd: 0.040000 (0.040000)  time: 0.055044  data: 0.004424  max mem: 245
DINO loss: 5.26999568939209
DINO loss: 5.453727722167969
DINO loss: 5.374443531036377
DINO loss: 5.22315788269043
DINO loss: 5.617010593414307
DINO loss: 5.605069160461426
DINO loss: 5.348964214324951
DINO loss: 4.874845504760742
DINO loss: 5.380826950073242
DINO loss: 5.548802375793457
Epoch: [0]  [   6570/1303223]  eta: 19:53:19  lr: 0.000000  weight_decay: 0.040000  loss: 5.269996 (6.394774)  wd: 0.040000 (0.040000)  time: 0.055009  data: 0.004423  max mem: 245
DINO loss: 5.182554721832275
DINO loss: 5.65178108215332
DINO loss: 5.148598670959473
DINO loss: 5.371443748474121
DINO loss: 5.307340621948242
DINO loss: 5.633573055267334
DINO loss: 4.988574504852295
DINO loss: 4.748058795928955
DINO loss: 4.970353126525879
DINO loss: 5.34138298034668
Epoch: [0]  [   6580/1303223]  eta: 19:53:18  lr: 0.000000  weight_decay: 0.040000  loss: 5.341383 (6.393011)  wd: 0.040000 (0.040000)  time: 0.055026  data: 0.004441  max mem: 245
DINO loss: 5.178160667419434
DINO loss: 5.418180465698242
DINO loss: 5.0564374923706055
DINO loss: 5.394388198852539
DINO loss: 5.236481666564941
DINO loss: 4.7770867347717285
DINO loss: 5.327752590179443
DINO loss: 4.968109607696533
DINO loss: 4.658100605010986
DINO loss: 4.807549476623535
Epoch: [0]  [   6590/1303223]  eta: 19:53:17  lr: 0.000000  weight_decay: 0.040000  loss: 5.178161 (6.391022)  wd: 0.040000 (0.040000)  time: 0.055043  data: 0.004434  max mem: 245
DINO loss: 5.1576032638549805
DINO loss: 4.895632266998291
DINO loss: 5.09874153137207
DINO loss: 5.150060176849365
DINO loss: 4.908734321594238
DINO loss: 5.053337097167969
DINO loss: 5.362083435058594
DINO loss: 5.222919464111328
DINO loss: 5.49422025680542
DINO loss: 4.730871200561523
Epoch: [0]  [   6600/1303223]  eta: 19:53:16  lr: 0.000000  weight_decay: 0.040000  loss: 5.098742 (6.389077)  wd: 0.040000 (0.040000)  time: 0.055081  data: 0.004432  max mem: 245
DINO loss: 5.182187080383301
DINO loss: 5.1513447761535645
DINO loss: 5.565084457397461
DINO loss: 5.186739444732666
DINO loss: 5.268984317779541
DINO loss: 5.080343723297119
DINO loss: 4.8799729347229
DINO loss: 4.842036247253418
DINO loss: 4.800637245178223
DINO loss: 4.862679481506348
Epoch: [0]  [   6610/1303223]  eta: 19:53:15  lr: 0.000000  weight_decay: 0.040000  loss: 5.098742 (6.387100)  wd: 0.040000 (0.040000)  time: 0.055079  data: 0.004441  max mem: 245
DINO loss: 4.608838081359863
DINO loss: 5.065919876098633
DINO loss: 5.303852081298828
DINO loss: 5.15956974029541
DINO loss: 5.397264003753662
DINO loss: 5.195534706115723
DINO loss: 5.324120998382568
DINO loss: 5.628819942474365
DINO loss: 4.998607635498047
DINO loss: 4.906883239746094
Epoch: [0]  [   6620/1303223]  eta: 19:53:14  lr: 0.000000  weight_decay: 0.040000  loss: 5.151345 (6.385245)  wd: 0.040000 (0.040000)  time: 0.055015  data: 0.004434  max mem: 245
DINO loss: 5.795853614807129
DINO loss: 4.891618728637695
DINO loss: 5.429186820983887
DINO loss: 5.330722332000732
DINO loss: 5.354360580444336
DINO loss: 5.356812953948975
DINO loss: 5.3688645362854
DINO loss: 5.046210289001465
DINO loss: 5.502317428588867
DINO loss: 5.352166175842285
Epoch: [0]  [   6630/1303223]  eta: 19:53:13  lr: 0.000000  weight_decay: 0.040000  loss: 5.324121 (6.383673)  wd: 0.040000 (0.040000)  time: 0.054992  data: 0.004424  max mem: 245
DINO loss: 5.143122673034668
DINO loss: 5.233500003814697
DINO loss: 5.502449989318848
DINO loss: 5.022583484649658
DINO loss: 5.222451210021973
DINO loss: 4.967624664306641
DINO loss: 5.086849212646484
DINO loss: 5.349292755126953
DINO loss: 5.674365997314453
DINO loss: 4.907011985778809
Epoch: [0]  [   6640/1303223]  eta: 19:53:12  lr: 0.000000  weight_decay: 0.040000  loss: 5.330722 (6.381907)  wd: 0.040000 (0.040000)  time: 0.055016  data: 0.004439  max mem: 245
DINO loss: 4.992924213409424
DINO loss: 4.970977306365967
DINO loss: 4.846290588378906
DINO loss: 5.200962543487549
DINO loss: 5.330406665802002
DINO loss: 4.928860664367676
DINO loss: 5.3755412101745605
DINO loss: 4.45803165435791
DINO loss: 5.25728702545166
DINO loss: 5.031790733337402
Epoch: [0]  [   6650/1303223]  eta: 19:53:11  lr: 0.000000  weight_decay: 0.040000  loss: 5.086849 (6.379889)  wd: 0.040000 (0.040000)  time: 0.055018  data: 0.004437  max mem: 245
DINO loss: 4.645855903625488
DINO loss: 5.35193395614624
DINO loss: 5.14175271987915
DINO loss: 4.518194675445557
DINO loss: 5.311223030090332
DINO loss: 5.397730827331543
DINO loss: 4.674821376800537
DINO loss: 5.0771894454956055
DINO loss: 5.225676536560059
DINO loss: 5.196152210235596
Epoch: [0]  [   6660/1303223]  eta: 19:53:10  lr: 0.000000  weight_decay: 0.040000  loss: 5.077189 (6.377898)  wd: 0.040000 (0.040000)  time: 0.054963  data: 0.004411  max mem: 245
DINO loss: 5.385244369506836
DINO loss: 4.559074401855469
DINO loss: 5.200181007385254
DINO loss: 5.038166522979736
DINO loss: 5.067945957183838
DINO loss: 5.232748985290527
DINO loss: 4.868512153625488
DINO loss: 5.098433494567871
DINO loss: 5.0164055824279785
DINO loss: 5.144873142242432
Epoch: [0]  [   6670/1303223]  eta: 19:53:09  lr: 0.000000  weight_decay: 0.040000  loss: 5.098433 (6.375925)  wd: 0.040000 (0.040000)  time: 0.054967  data: 0.004422  max mem: 245
DINO loss: 5.202476978302002
DINO loss: 4.848425388336182
DINO loss: 5.38365364074707
DINO loss: 5.035272598266602
DINO loss: 5.044345855712891
DINO loss: 4.8841047286987305
DINO loss: 5.02825403213501
DINO loss: 4.218802452087402
DINO loss: 5.056164264678955
DINO loss: 4.753361701965332
Epoch: [0]  [   6680/1303223]  eta: 19:53:09  lr: 0.000000  weight_decay: 0.040000  loss: 5.038167 (6.373783)  wd: 0.040000 (0.040000)  time: 0.055044  data: 0.004442  max mem: 245
DINO loss: 5.225252151489258
DINO loss: 5.234079360961914
DINO loss: 4.840797424316406
DINO loss: 5.1688232421875
DINO loss: 4.882948875427246
DINO loss: 4.914588928222656
DINO loss: 4.6292829513549805
DINO loss: 5.113550186157227
DINO loss: 4.594516754150391
DINO loss: 5.25039005279541
Epoch: [0]  [   6690/1303223]  eta: 19:53:08  lr: 0.000000  weight_decay: 0.040000  loss: 5.028254 (6.371708)  wd: 0.040000 (0.040000)  time: 0.055051  data: 0.004432  max mem: 245
DINO loss: 4.690402030944824
DINO loss: 5.013871192932129
DINO loss: 4.934465408325195
DINO loss: 4.778356075286865
DINO loss: 5.274722576141357
DINO loss: 5.164510726928711
DINO loss: 5.524998664855957
DINO loss: 4.721623420715332
DINO loss: 4.906017780303955
DINO loss: 4.894723892211914
Epoch: [0]  [   6700/1303223]  eta: 19:53:07  lr: 0.000000  weight_decay: 0.040000  loss: 4.914589 (6.369647)  wd: 0.040000 (0.040000)  time: 0.055043  data: 0.004427  max mem: 245
DINO loss: 4.9559454917907715
DINO loss: 4.816865921020508
DINO loss: 5.216472148895264
DINO loss: 5.310437202453613
DINO loss: 4.857862949371338
DINO loss: 4.905190467834473
DINO loss: 5.039508819580078
DINO loss: 4.9810686111450195
DINO loss: 4.772709846496582
DINO loss: 5.278221130371094
Epoch: [0]  [   6710/1303223]  eta: 19:53:06  lr: 0.000000  weight_decay: 0.040000  loss: 4.934465 (6.367626)  wd: 0.040000 (0.040000)  time: 0.055068  data: 0.004433  max mem: 245
DINO loss: 4.864965438842773
DINO loss: 5.185760974884033
DINO loss: 4.6704816818237305
DINO loss: 5.169922351837158
DINO loss: 4.393073081970215
DINO loss: 5.32785701751709
DINO loss: 4.629595756530762
DINO loss: 5.145939350128174
DINO loss: 4.2194414138793945
DINO loss: 5.532401084899902
Epoch: [0]  [   6720/1303223]  eta: 19:53:05  lr: 0.000000  weight_decay: 0.040000  loss: 4.955945 (6.365463)  wd: 0.040000 (0.040000)  time: 0.055071  data: 0.004425  max mem: 245
DINO loss: 4.849499702453613
DINO loss: 4.828298091888428
DINO loss: 5.536487579345703
DINO loss: 4.655930519104004
DINO loss: 5.0873003005981445
DINO loss: 5.481227874755859
DINO loss: 4.8586201667785645
DINO loss: 4.950471878051758
DINO loss: 4.856327056884766
DINO loss: 4.582103729248047
Epoch: [0]  [   6730/1303223]  eta: 19:53:04  lr: 0.000000  weight_decay: 0.040000  loss: 4.858620 (6.363388)  wd: 0.040000 (0.040000)  time: 0.055019  data: 0.004412  max mem: 245
DINO loss: 5.149320602416992
DINO loss: 5.072639465332031
DINO loss: 5.429888725280762
DINO loss: 4.975237846374512
DINO loss: 5.642057418823242
DINO loss: 4.650646209716797
DINO loss: 4.964008808135986
DINO loss: 4.352429389953613
DINO loss: 5.474405288696289
DINO loss: 5.3616814613342285
Epoch: [0]  [   6740/1303223]  eta: 19:53:03  lr: 0.000000  weight_decay: 0.040000  loss: 4.964009 (6.361525)  wd: 0.040000 (0.040000)  time: 0.055010  data: 0.004417  max mem: 245
DINO loss: 5.272194862365723
DINO loss: 5.094303607940674
DINO loss: 5.341983795166016
DINO loss: 5.123732089996338
DINO loss: 5.035582065582275
DINO loss: 4.805967330932617
DINO loss: 4.69500732421875
DINO loss: 4.580079078674316
DINO loss: 5.252481460571289
DINO loss: 4.619568824768066
Epoch: [0]  [   6750/1303223]  eta: 19:53:02  lr: 0.000000  weight_decay: 0.040000  loss: 5.072639 (6.359481)  wd: 0.040000 (0.040000)  time: 0.055070  data: 0.004431  max mem: 245
DINO loss: 5.370779991149902
DINO loss: 5.519199371337891
DINO loss: 4.576658248901367
DINO loss: 5.4988861083984375
DINO loss: 4.9964752197265625
DINO loss: 4.629115104675293
DINO loss: 4.737565040588379
DINO loss: 4.841431617736816
DINO loss: 5.030487537384033
DINO loss: 4.514594554901123
Epoch: [0]  [   6760/1303223]  eta: 19:53:02  lr: 0.000000  weight_decay: 0.040000  loss: 4.996475 (6.357428)  wd: 0.040000 (0.040000)  time: 0.055077  data: 0.004434  max mem: 245
DINO loss: 4.779584884643555
DINO loss: 4.997443675994873
DINO loss: 5.1841559410095215
DINO loss: 4.926856994628906
DINO loss: 4.801753997802734
DINO loss: 4.784629821777344
DINO loss: 5.336209297180176
DINO loss: 4.787608623504639
DINO loss: 5.812716960906982
DINO loss: 4.9850053787231445
Epoch: [0]  [   6770/1303223]  eta: 19:53:00  lr: 0.000000  weight_decay: 0.040000  loss: 4.926857 (6.355482)  wd: 0.040000 (0.040000)  time: 0.055001  data: 0.004422  max mem: 245
DINO loss: 4.883493423461914
DINO loss: 4.919589996337891
DINO loss: 4.814661979675293
DINO loss: 4.901846408843994
DINO loss: 5.178292274475098
DINO loss: 5.1171417236328125
DINO loss: 5.38340950012207
DINO loss: 5.352786064147949
DINO loss: 4.755837917327881
DINO loss: 4.454568862915039
Epoch: [0]  [   6780/1303223]  eta: 19:53:00  lr: 0.000000  weight_decay: 0.040000  loss: 4.919590 (6.353448)  wd: 0.040000 (0.040000)  time: 0.054992  data: 0.004423  max mem: 245
DINO loss: 4.7642645835876465
DINO loss: 5.091803550720215
DINO loss: 5.252901554107666
DINO loss: 4.603031158447266
DINO loss: 5.264742851257324
DINO loss: 5.386638164520264
DINO loss: 5.501364707946777
DINO loss: 5.068723678588867
DINO loss: 5.074456214904785
DINO loss: 4.7420148849487305
Epoch: [0]  [   6790/1303223]  eta: 19:52:59  lr: 0.000000  weight_decay: 0.040000  loss: 5.068724 (6.351565)  wd: 0.040000 (0.040000)  time: 0.055035  data: 0.004430  max mem: 245
DINO loss: 4.5935139656066895
DINO loss: 5.073489665985107
DINO loss: 4.7164435386657715
DINO loss: 4.948924541473389
DINO loss: 5.199100971221924
DINO loss: 5.462179183959961
DINO loss: 4.8269219398498535
DINO loss: 5.34467077255249
DINO loss: 4.61104679107666
DINO loss: 4.918768882751465
Epoch: [0]  [   6800/1303223]  eta: 19:52:58  lr: 0.000000  weight_decay: 0.040000  loss: 5.068724 (6.349533)  wd: 0.040000 (0.040000)  time: 0.055051  data: 0.004426  max mem: 245
DINO loss: 5.2668962478637695
DINO loss: 4.487013816833496
DINO loss: 4.702237129211426
DINO loss: 5.330289840698242
DINO loss: 5.494401931762695
DINO loss: 4.692263126373291
DINO loss: 4.40645694732666
DINO loss: 5.626440525054932
DINO loss: 5.307027339935303
DINO loss: 4.8507490158081055
Epoch: [0]  [   6810/1303223]  eta: 19:52:57  lr: 0.000000  weight_decay: 0.040000  loss: 4.918769 (6.347576)  wd: 0.040000 (0.040000)  time: 0.055068  data: 0.004425  max mem: 245
DINO loss: 4.9453020095825195
DINO loss: 4.923165798187256
DINO loss: 5.361538410186768
DINO loss: 5.216773986816406
DINO loss: 4.707213401794434
DINO loss: 4.7412309646606445
DINO loss: 4.705183982849121
DINO loss: 5.120386600494385
DINO loss: 5.217685222625732
DINO loss: 5.318278789520264
Epoch: [0]  [   6820/1303223]  eta: 19:52:56  lr: 0.000000  weight_decay: 0.040000  loss: 4.945302 (6.345638)  wd: 0.040000 (0.040000)  time: 0.055064  data: 0.004429  max mem: 245
DINO loss: 5.05294132232666
DINO loss: 4.746667385101318
DINO loss: 5.121175289154053
DINO loss: 5.217978000640869
DINO loss: 4.692333221435547
DINO loss: 5.1615095138549805
DINO loss: 4.831231117248535
DINO loss: 4.900174617767334
DINO loss: 5.076781272888184
DINO loss: 4.894093036651611
Epoch: [0]  [   6830/1303223]  eta: 19:52:55  lr: 0.000000  weight_decay: 0.040000  loss: 4.945302 (6.343623)  wd: 0.040000 (0.040000)  time: 0.055074  data: 0.004431  max mem: 245
DINO loss: 4.756289482116699
DINO loss: 4.609450340270996
DINO loss: 5.176931381225586
DINO loss: 4.926119804382324
DINO loss: 5.243614196777344
DINO loss: 4.7626872062683105
DINO loss: 5.036926746368408
DINO loss: 5.105190277099609
DINO loss: 5.052032470703125
DINO loss: 4.7146759033203125
Epoch: [0]  [   6840/1303223]  eta: 19:52:55  lr: 0.000000  weight_decay: 0.040000  loss: 4.926120 (6.341569)  wd: 0.040000 (0.040000)  time: 0.055067  data: 0.004424  max mem: 245
DINO loss: 5.212835788726807
DINO loss: 5.3424882888793945
DINO loss: 4.828769683837891
DINO loss: 4.921709060668945
DINO loss: 5.00118350982666
DINO loss: 4.683806896209717
DINO loss: 4.661202430725098
DINO loss: 5.517327785491943
DINO loss: 4.789726257324219
DINO loss: 5.453192710876465
Epoch: [0]  [   6850/1303223]  eta: 19:52:54  lr: 0.000000  weight_decay: 0.040000  loss: 4.926120 (6.339671)  wd: 0.040000 (0.040000)  time: 0.055079  data: 0.004428  max mem: 245
DINO loss: 5.336437225341797
DINO loss: 5.092947006225586
DINO loss: 5.714062213897705
DINO loss: 4.898313522338867
DINO loss: 5.273555278778076
DINO loss: 5.230047225952148
DINO loss: 4.596768856048584
DINO loss: 4.453157424926758
DINO loss: 5.2995147705078125
DINO loss: 4.992253303527832
Epoch: [0]  [   6860/1303223]  eta: 19:52:53  lr: 0.000000  weight_decay: 0.040000  loss: 5.001184 (6.337848)  wd: 0.040000 (0.040000)  time: 0.055116  data: 0.004429  max mem: 245
DINO loss: 5.1883015632629395
DINO loss: 4.830052375793457
DINO loss: 4.971075057983398
DINO loss: 4.78444242477417
DINO loss: 5.003686904907227
DINO loss: 4.982492446899414
DINO loss: 5.012606620788574
DINO loss: 5.321932315826416
DINO loss: 5.113368034362793
DINO loss: 5.356626510620117
Epoch: [0]  [   6870/1303223]  eta: 19:52:52  lr: 0.000000  weight_decay: 0.040000  loss: 5.012607 (6.335983)  wd: 0.040000 (0.040000)  time: 0.055071  data: 0.004418  max mem: 245
DINO loss: 5.23964262008667
DINO loss: 5.148087978363037
DINO loss: 5.168744087219238
DINO loss: 4.853137016296387
DINO loss: 4.895925045013428
DINO loss: 5.159927845001221
DINO loss: 5.112207889556885
DINO loss: 5.050486087799072
DINO loss: 4.904754638671875
DINO loss: 4.867804527282715
Epoch: [0]  [   6880/1303223]  eta: 19:52:51  lr: 0.000000  weight_decay: 0.040000  loss: 5.012607 (6.334100)  wd: 0.040000 (0.040000)  time: 0.055027  data: 0.004421  max mem: 245
DINO loss: 4.53668737411499
DINO loss: 4.76264762878418
DINO loss: 5.098634243011475
DINO loss: 4.6544904708862305
DINO loss: 4.4327826499938965
DINO loss: 4.598724365234375
